City,Location,Layer,synonyms
Agra ,Agra Airport (Pandit Deen Dayal Upadhyay Airport),Transport,"AA(DDUA, agra ayrport (Pandyt Daan Dayal opadhyay ayrport), AgraAirport(PanditDeenDayalUpadhyayAirport)"
Agra ,Agra Fort Railway Station,Transport,"agra Fort Raylway Statyon, AgraFortRailwayStation, AFRS"
Agra ,Agra Cantt Railway Station,Transport,"ACRS, AgraCanttRailwayStation, agra Cantt Raylway Statyon"
Agra ,Idgah Bus Stand,Transport,"IdgahBusStand, IBS, ydgah Bos Stand"
Agra ,Isbt Government Bus stand,Transport,"ysbt Govarnmant Bos stand, IGBs, IsbtGovernmentBusstand"
Agra ,Taj Mahal,Iconic structures & centers,"TM, TajMahal"
Agra ,Agra Fort,Iconic structures & centers,"AF, AgraFort"
Agra ,Fatehpur Sikri Fort,Iconic structures & centers,"FatehpurSikriFort, FSF, Fatahpor Sykry Fort"
Agra ,Itmad-ud-Daula,Iconic structures & centers,ytmad-od-Daola
Agra ,Tomb of Akbar,Iconic structures & centers,"ToA, TombofAkbar"
Agra ,Kalakriti culture and convention centre,Iconic structures & centers,"Kcacc, Kalakryty coltora and convantyon cantra, Kalakriticultureandconventioncentre"
Agra ,Chini Ka Rauza,Iconic structures & centers,"CKR, ChiniKaRauza, Chyny Ka Raoza"
Agra ,Tomb of Mariam-UZ-Zamani,Iconic structures & centers,"Tomb of Maryam-oZ-Zamany, ToM, TombofMariam-UZ-Zamani"
Agra ,Mehtab Bagh,Nature,"Mahtab Bagh, MB, MehtabBagh"
Agra ,Aram Bagh,Nature,"AB, AramBagh"
Agra ,Paliwal Park,Nature,"PaliwalPark, Palywal Park, PP"
Agra ,Elephant Conservation and Care Center,Nature,"ElephantConservationandCareCenter, ECaCC, alaphant Consarvatyon and Cara Cantar"
Agra ,Keetham Lake (Sur Sarovar),Nature,"KeethamLake(SurSarovar), Kaatham Laka (Sor Sarovar), KL(S"
Agra ,Taj Nature Walk,Nature,"TajNatureWalk, Taj Natora Walk, TNW"
Agra ,"Shri Mankameshwar Temple, Agra",Spiritual sites,"ShriMankameshwarTemple,Agra, Shry Mankamashwar Tampla, agra, SMTA"
Agra ,Jama Masjid Agra,Spiritual sites,"JamaMasjidAgra, Jama Masjyd agra, JMA"
Agra ,Gurudwara Guru Ka Taal,Spiritual sites,"GGKT, Gorodwara Goro Ka Taal, GurudwaraGuruKaTaal"
Agra ,Samadh Soamiji Maharaj - Soami Bagh,Spiritual sites,"SSM-SB, SamadhSoamijiMaharaj-SoamiBagh, Samadh Soamyjy Maharaj - Soamy Bagh"
Amritsar,"Airport, Sri Guru Ram Dass Jee International",Transport,"Airport,SriGuruRamDassJeeInternational, ayrport, Sry Goro Ram Dass Jaa yntarnatyonal, ASGRDJI"
Amritsar,Amritsar Junction,Transport,"AmritsarJunction, AJ, amrytsar Jonctyon"
Amritsar,Amritsar Bus Stand,Transport,"amrytsar Bos Stand, ABS, AmritsarBusStand"
Amritsar,Golden Temple (Sri Harmandir Sahib),Spiritual sites,"GT(HS, GoldenTemple(SriHarmandirSahib), Goldan Tampla (Sry Harmandyr Sahyb)"
Amritsar,Shri Durgiana Temple,Spiritual sites,"Shry Dorgyana Tampla, ShriDurgianaTemple, SDT"
Amritsar,Bhagwan Valmiki Ram Tirath Asthan,Spiritual sites,"BhagwanValmikiRamTirathAsthan, Bhagwan Valmyky Ram Tyrath asthan, BVRTA"
Amritsar,Mata Lal Devi Mandir,Spiritual sites,"Mata Lal Davy Mandyr, MLDM, MataLalDeviMandir"
Amritsar,Gurudwara Chheharta Sahib,Spiritual sites,"GurudwaraChhehartaSahib, GCS, Gorodwara Chhaharta Sahyb"
Amritsar,Gurudwara Bir Baba Budha Sahib Ji,Spiritual sites,"GurudwaraBirBabaBudhaSahibJi, Gorodwara Byr Baba Bodha Sahyb Jy, GBBBSJ"
Amritsar,Attari - Wagah Border,Iconic structures,"A-WB, attary - Wagah Bordar, Attari-WagahBorder"
Amritsar,Jallianwala Bagh,Iconic structures,"JB, Jallyanwala Bagh, JallianwalaBagh"
Amritsar,Gobindgarh Fort,Iconic structures,"Gobyndgarh Fort, GobindgarhFort, GF"
Amritsar,Pul Kanjri,Iconic structures,"Pol Kanjry, PK, PulKanjri"
Amritsar,Sadda Pind living museum,Art and museum,"Sadda Pynd lyvyng mosaom, SPlm, SaddaPindlivingmuseum"
Amritsar,Maharaja Ranjit Singh Museum in Ram Bagh,Art and museum,"MaharajaRanjitSinghMuseuminRamBagh, MRSMiRB, Maharaja Ranjyt Syngh Mosaom yn Ram Bagh"
Amritsar,The Partition Museum,Art and museum,"TPM, Tha Partytyon Mosaom, ThePartitionMuseum"
Amritsar,Harike Wetland and Bird Sanctuary,Nature,"Haryka Watland and Byrd Sanctoary, HarikeWetlandandBirdSanctuary, HWaBS"
Amritsar,Rose Garden,Nature,"RG, Rosa Gardan, RoseGarden"
Ayodhya,"Airport, Maharishi Valmiki International Ayodhya Dham",Transport,"ayrport, Maharyshy Valmyky yntarnatyonal ayodhya Dham, Airport,MaharishiValmikiInternationalAyodhyaDham, AMVIAD"
Ayodhya,Ayodhya Junction,Transport,"AyodhyaJunction, AJ, ayodhya Jonctyon"
Ayodhya,Ayodhya Dham Bus Station,Transport,"ayodhya Dham Bos Statyon, AyodhyaDhamBusStation, ADBS"
Ayodhya,Ayodhya By Pass,Transport,"ABP, AyodhyaByPass"
Ayodhya,Faizabad Bus Stand,Transport,"FaizabadBusStand, Fayzabad Bos Stand, FBS"
Ayodhya,AYODHYA CANTT,Transport,"AYODHYACANTT, AC"
Ayodhya,Shree Ram Janmabhoomi Mandir,Main Temples,"SRJM, ShreeRamJanmabhoomiMandir, Shraa Ram Janmabhoomy Mandyr"
Ayodhya,Shri Hanuman Garhi Mandir,Main Temples,"SHGM, ShriHanumanGarhiMandir, Shry Hanoman Garhy Mandyr"
Ayodhya,Dashrath Mahal,Main Temples,"DM, DashrathMahal"
Ayodhya,Kanak Bhawan,Main Temples,"KB, KanakBhawan"
Ayodhya,Ram Ki Paidi,Main Temples,"Ram Ky Paydy, RKP, RamKiPaidi"
Ayodhya,Ram Katha Sangrahalay,Art and museum,"RKS, RamKathaSangrahalay"
Ayodhya,Tulasi Smarak Bhavan,Art and museum,"Tolasy Smarak Bhavan, TulasiSmarakBhavan, TSB"
Ayodhya,Shri Lakshman Kila,Other temples,"SLK, Shry Lakshman Kyla, ShriLakshmanKila"
Ayodhya,Birla Shree Sita Ram Mandir,Other temples,"Byrla Shraa Syta Ram Mandyr, BirlaShreeSitaRamMandir, BSSRM"
Ayodhya,Guptar Ghat,Other temples,"GuptarGhat, GG, Goptar Ghat"
Bangalore,Vidhana Soudha,Iconic structures,"Vydhana Soodha, VidhanaSoudha, VS"
Bangalore,Tipu Sultan's Summer Palace,Iconic structures,"TipuSultan'sSummerPalace, TSSP, Typo Soltan's Sommar Palaca"
Bangalore,Bengaluru Palace,Iconic structures,"Bangaloro Palaca, BP, BengaluruPalace"
Bangalore,Bengaluru Fort,Iconic structures,"BF, BengaluruFort, Bangaloro Fort"
Bangalore,Freedom Park,Iconic structures,"Freedom Park (central jail park), Fraadom Park, FreedomPark, FP"
Bangalore,Indian Music Experience Museum,Art and museum,"IndianMusicExperienceMuseum, IMEM, yndyan Mosyc axparyanca Mosaom"
Bangalore,HAL Heritage Centre and Aerospace Museum,Art and museum,"HaL Harytaga Cantra and aarospaca Mosaom, HALHeritageCentreandAerospaceMuseum, HHCaAM"
Bangalore,Visvesvaraya Industrial & Technological Museum,Art and museum,"VisvesvarayaIndustrial&TechnologicalMuseum, Vysvasvaraya yndostryal & Tachnologycal Mosaom, VI&TM"
Bangalore,Jawaharlal Nehru Planetarium,Art and museum,"JawaharlalNehruPlanetarium, JNP, Jawaharlal Nahro Planataryom"
Bangalore,National Military Memorial Park,Art and museum,"NMMP, NationalMilitaryMemorialPark, Natyonal Mylytary Mamoryal Park"
Bangalore,Rangoli Metro Art Center,Art and museum,"Rangoly Matro art Cantar, RMAC, RangoliMetroArtCenter"
Bangalore,National Gallery of Modern Art,Art and museum,"Natyonal Gallary of Modarn art, NGoMA, NationalGalleryofModernArt"
Bangalore,Karnataka Chitrakala Parishath,Art and museum,"KCP, KarnatakaChitrakalaParishath, Karnataka Chytrakala Paryshath"
Bangalore,Janapada Loka (Karnataka Folk Museum),Art and museum,"JL(FM, JanapadaLoka(KarnatakaFolkMuseum), Janapada Loka (Karnataka Folk Mosaom)"
Bangalore,Jollywood Studios and Adventures (Film City),Art and museum,"JSaA(C, JollywoodStudiosandAdventures(FilmCity), Jollywood Stodyos and advantoras (Fylm Cyty)"
Bangalore,Pyramid Valley International,Spiritual sites,"PyramidValleyInternational, Pyramyd Vallay yntarnatyonal, PVI"
Bangalore,Shrungagiri Sri Shanmukha Swami Gudi,Spiritual sites,"Shrongagyry Sry Shanmokha Swamy Gody, ShrungagiriSriShanmukhaSwamiGudi, SSSSG"
Bangalore,"St. Mary's Basilica, Bengaluru",Spiritual sites,"SMBB, St.Mary'sBasilica,Bengaluru, St. Mary's Basylyca, Bangaloro"
Bangalore,ISKCON temple Bangalore,Spiritual sites,"ISKCONtempleBangalore, ItB, ySKCoN tampla Bangalora"
Bangalore,ISKCON Vaikuntha Hill,Spiritual sites,"ISKCONVaikunthaHill, ySKCoN Vaykontha Hyll, IVH"
Bangalore,SRI BIG BULL TEMPLE (Shri Doddabasavanna Temple),Spiritual sites,"SRy ByG BoLL TaMPLa (Shry Doddabasavanna Tampla), SRIBIGBULLTEMPLE(ShriDoddabasavannaTemple), SBBT(DT, Shri Doddabasavanna (SRI BIG BULL TEMPLE)"
Bangalore,Jamia Masjid Bengaluru City,Spiritual sites,"JMBC, Jamya Masjyd Bangaloro Cyty, JamiaMasjidBengaluruCity"
Bangalore,Gurudwara by Ulsoor lake,Spiritual sites,"GurudwarabyUlsoorlake, Gorodwara by olsoor laka, GbUl"
Bangalore,Sri Banashankari Temple,Spiritual sites,"SriBanashankariTemple, SBT, Sry Banashankary Tampla"
Bangalore,Cave temple Shri Gavi Gangadhareshwara Swamy Devasthana,Spiritual sites,"Cava tampla Shry Gavy Gangadharashwara Swamy Davasthana, CavetempleShriGaviGangadhareshwaraSwamyDevasthana, CtSGGSD"
Bangalore,Ragigudda Shri Prasanna Anjaneyaswami Temple,Spiritual sites,"RagiguddaShriPrasannaAnjaneyaswamiTemple, RSPAT, Ragygodda Shry Prasanna anjanayaswamy Tampla"
Bangalore,Shri Dharmarāya Swamy Temple,Spiritual sites,"ShriDharmarāyaSwamyTemple, Shry Dharmarāya Swamy Tampla, Shri Dharmaraya Swamy Temple, SDST"
Bangalore,Shree Parshwa Susheel Dhaam Shwetamber Jain Temple,Spiritual sites,"Shraa Parshwa Soshaal Dhaam Shwatambar Jayn Tampla, ShreeParshwaSusheelDhaamShwetamberJainTemple, SPSDSJT"
Bangalore,Nandi Hills,Nature and park,"Nandy Hylls, NH, NandiHills"
Bangalore,Hebbala Lake Park,Nature and park,"Habbala Laka Park, HebbalaLakePark, HLP"
Bangalore,Sankey Tank,Nature and park,"SankeyTank, ST, Sankay Tank"
Bangalore,Ulsoor Lake,Nature and park,"olsoor Laka, UL, UlsoorLake"
Bangalore,BTM Madiwala lake,Nature and park,"BTM Madywala laka, BTMMadiwalalake, BMl"
Bangalore,Jaya Prakash Narayana Biodiversity Park,Nature and park,"JayaPrakashNarayanaBiodiversityPark, JPNBP, Jaya Prakash Narayana Byodyvarsyty Park"
Bangalore,Cubbon Park,Nature and park,"CubbonPark, CP, Cobbon Park"
Bangalore,Lalbagh Botanical Garden,Nature and park,"LBG, Lalbagh Botanycal Gardan, LalbaghBotanicalGarden"
Bangalore,Bannerughatta Biological Park,Nature and park,"BannerughattaBiologicalPark, BBP, Bannaroghatta Byologycal Park"
Bangalore,Muthyala Maduvu Falls (Pearl Valley),Nature and park,"MuthyalaMaduvuFalls(PearlValley), MMF(V, Mothyala Madovo Falls (Paarl Vallay)"
Bangalore,Shivagange,Nature and park,Shyvaganga
Bangalore,Dodda Aalada Mara,Nature and park,"DoddaAaladaMara, DAM"
Bangalore,Savanadurga Trek,Nature and park,"SavanadurgaTrek, ST, Savanadorga Trak"
Bangalore,Manchanabele Dam,Nature and park,"Manchanabala Dam, ManchanabeleDam, MD"
Bangalore,Wonderla Amusement Park,Nature and park,"Wondarla amosamant Park, WonderlaAmusementPark, WAP"
Bangalore,Krishnarajapuram Railway station,Transport,"KrishnarajapuramRailwaystation, KRs, Kryshnarajaporam Raylway statyon"
Bangalore,KSR Bengaluru City Junction (Bangalore),Transport,"KSR Bangaloro Cyty Jonctyon (Bangalora), KSR Bengaluru City Junction, KBCJ(, KSRBengaluruCityJunction(Bangalore)"
Bangalore,Kempegowda International Airport Bengaluru,Transport,"KIAB, Kampagowda yntarnatyonal ayrport Bangaloro, KempegowdaInternationalAirportBengaluru, Airport, Kempegowda International Bengaluru"
Bangalore,Majestic Bus Stand,Transport,"MajesticBusStand, Majastyc Bos Stand, MBS"
Bangalore,Mysore Road Satellite Bus Station,Transport,"Mysora Road Satallyta Bos Statyon, MysoreRoadSatelliteBusStation, MRSBS"
Bangalore,"KSRTC Bus Stand , Shanthinagara",Transport,"KBS,S, KSRTCBusStand,Shanthinagara, KSRTC Bos Stand , Shanthynagara"
Chandigarh,Chandigarh Airport (Shaheed Bhagat Singh International),Transport,"ChandigarhAirport(ShaheedBhagatSinghInternational), CA(BSI, Chandygarh ayrport (Shahaad Bhagat Syngh yntarnatyonal)"
Chandigarh,Chandigarh Junction railway station,Transport,"ChandigarhJunctionrailwaystation, Chandygarh Jonctyon raylway statyon, CJrs"
Chandigarh,ISBT Sector-43,Transport,"ISBTSector-43, IS, ySBT Sactor-43"
Chandigarh,"Chandigarh Bus Terminus, Sector 17",Transport,"ChandigarhBusTerminus,Sector17, CBTS1, Chandygarh Bos Tarmynos, Sactor 17"
Chandigarh,Sukhna Lake Chandigarh,Nature,"SLC, Sokhna Laka Chandygarh, SukhnaLakeChandigarh"
Chandigarh,Zakir Hussain Rose Garden,Nature,"ZakirHussainRoseGarden, Zakyr Hossayn Rosa Gardan, ZHRG"
Chandigarh,Rock Garden,Nature,"RockGarden, RG, Rock Gardan"
Chandigarh,Japanese Garden,Nature,"JG, JapaneseGarden, Japanasa Gardan"
Chandigarh,Garden of Fragrance,Nature,"GoF, GardenofFragrance, Gardan of Fragranca"
Chandigarh,Chandigarh War Memorial park (Bougainvillea Park),Nature,"ChandigarhWarMemorialpark(BougainvilleaPark), CWMp(P, Chandygarh War Mamoryal park (Boogaynvyllaa Park)"
Chandigarh,Leisure Valley,Nature,"LV, Laysora Vallay, LeisureValley"
Chandigarh,Chandigarh Botanical Garden,Nature,"CBG, Chandygarh Botanycal Gardan, ChandigarhBotanicalGarden"
Chandigarh,Cactus Garden,Nature,"CG, CactusGarden, Cactos Gardan"
Chandigarh,Sukhna Wildlife Sanctuary,Nature,"Sokhna Wyldlyfa Sanctoary, SukhnaWildlifeSanctuary, SWS"
Chandigarh,Ghaggar River,Nature,"GhaggarRiver, Ghaggar Ryvar, GR"
Chandigarh,Mahendra Chaudhary Zoological Park,Nature,"Mahandra Chaodhary Zoologycal Park, MCZP, MahendraChaudharyZoologicalPark"
Chandigarh,Terraced Garden,Nature,"TerracedGarden, Tarracad Gardan, TG"
Chandigarh,Butterfly Park,Nature,"Bottarfly Park, ButterflyPark, BP"
Chandigarh,Shanti Kunj Park,Nature,"ShantiKunjPark, Shanty Konj Park, SKP"
Chandigarh,Patiala Ki Rao Reserved Forest,Nature,"PKRRF, PatialaKiRaoReservedForest, Patyala Ky Rao Rasarvad Forast"
Chandigarh,Chandigarh Bird Park,Nature,"CBP, Chandygarh Byrd Park, ChandigarhBirdPark"
Chandigarh,"Yadavindra Gardens, Pinjore",Nature,"YadavindraGardens,Pinjore, YGP, Yadavyndra Gardans, Pynjora"
Chandigarh,Dhanas Lake,Nature,"DL, DhanasLake, Dhanas Laka"
Chandigarh,Shri Mata Mansa Devi Temple,Spiritual sites,"ShriMataMansaDeviTemple, SMMDT, Shry Mata Mansa Davy Tampla"
Chandigarh,ISKCON Temple Chandigarh,Spiritual sites,"ISKCONTempleChandigarh, ySKCoN Tampla Chandygarh, ITC"
Chandigarh,"Gurudwara 10th Paatshahi Sri Nada Sahilb, Panchkula",Spiritual sites,"Gorodwara 10th Paatshahy Sry Nada Sahylb, Panchkola, G1PSNSP, Gurudwara 10th Paatshahi Sri Nada Sahib, Panchkula, Gurudwara10thPaatshahiSriNadaSahilb,Panchkula"
Chandigarh,Gurdwara Shri Guru Teg Bahadur Sahib,Spiritual sites,"GurdwaraShriGuruTegBahadurSahib, Gordwara Shry Goro Tag Bahador Sahyb, GSGTBS"
Chandigarh,"Gurdwara Singh Shaheedan, Sohana",Spiritual sites,"GurdwaraSinghShaheedan,Sohana, Gordwara Syngh Shahaadan, Sohana, GSSS"
Chandigarh,Shirdi Sai Samaj Sai Temple,Spiritual sites,"ShirdiSaiSamajSaiTemple, SSSST, Shyrdy Say Samaj Say Tampla"
Chandigarh,Christ The King Cathedral,Spiritual sites,"Chryst Tha Kyng Cathadral, ChristTheKingCathedral, CTKC"
Chandigarh,"Jama Masjid, Chandigarh",Spiritual sites,"Jama Masjid, JamaMasjid,Chandigarh, JMC, Jama Masjyd, Chandygarh"
Chandigarh,Shri Digambar Jain Mandir,Spiritual sites,"Shry Dygambar Jayn Mandyr, ShriDigambarJainMandir, SDJM"
Chandigarh,Fateh Burj - Baba Banda Singh Bahadur War Memorial,Museums and iconic institutions,"Fatah Borj - Baba Banda Syngh Bahador War Mamoryal, FatehBurj-BabaBandaSinghBahadurWarMemorial, FB-BBSBWM"
Chandigarh,Capitol Complex Tourist Center,Museums and iconic institutions,"Capytol Complax Tooryst Cantar, CapitolComplexTouristCenter, CCTC"
Chandigarh,"Government Museum and Art Gallery, History Museum, Architecture Museum",Museums and iconic institutions,"GovernmentMuseumandArtGallery,HistoryMuseum,ArchitectureMuseum, GMaAGHMAM, Government Museum and Art Gallery , History Museum, Architecture Museum, Govarnmant Mosaom and art Gallary, Hystory Mosaom, archytactora Mosaom"
Chandigarh,Indian Air Force Heritage Museum,Museums and iconic institutions,"yndyan ayr Forca Harytaga Mosaom, IndianAirForceHeritageMuseum, IAFHM"
Chandigarh,International Dolls Museum,Museums and iconic institutions,"IDM, InternationalDollsMuseum, yntarnatyonal Dolls Mosaom"
Chandigarh,Le Corbusier Centre,Museums and iconic institutions,"LeCorbusierCentre, La Corbosyar Cantra, LCC"
Chandigarh,Sector 17 Plaza,Market and Malls,"Sactor 17 Plaza, Sector17Plaza, S1P"
Chandigarh,Nexus Elante Mall,Market and Malls,"NEM, Naxos alanta Mall, NexusElanteMall"
Chandigarh,VR Punjab,Market and Malls,"VR Ponjab, VP, VRPunjab"
Chandigarh,DLF City Centre Mall,Market and Malls,"DLFCityCentreMall, DCCM, DLF Cyty Cantra Mall"
Chandigarh,Paras Downtown Square Mall,Market and Malls,"PDSM, Paras Downtown Sqoara Mall, ParasDowntownSquareMall"
Chennai,Chennai International Airport,Transport,"CIA, Channay yntarnatyonal ayrport, ChennaiInternationalAirport"
Chennai,Chennai Mofussil Bus Terminus (CMBT) Koyambedu,Transport,"CMBT(K, Channay Mofossyl Bos Tarmynos (CMBT) Koyambado, ChennaiMofussilBusTerminus(CMBT)Koyambedu"
Chennai,Egmore Railway Station,Transport,"EgmoreRailwayStation, agmora Raylway Statyon, ERS"
Chennai,Chennai Central Railway Station,Transport,"CCRS, ChennaiCentralRailwayStation, Channay Cantral Raylway Statyon"
Chennai,Madhavaram Mofussil Bus Terminus,Transport,"MadhavaramMofussilBusTerminus, Madhavaram Mofossyl Bos Tarmynos, MMBT"
Chennai,Mahabalipuram Shore Temple,Spiritual sites,"MahabalipuramShoreTemple, Mahabalyporam Shora Tampla, MST"
Chennai,Arulmigu Kanthasamy Temple Thiruporur,Spiritual sites,"AKTT, arolmygo Kanthasamy Tampla Thyroporor, ArulmiguKanthasamyTempleThiruporur"
Chennai,ISKCON Chennai,Spiritual sites,"ISKCONChennai, ySKCoN Channay, IC"
Chennai,Arulmigu Sri Varadharaja Perumal Temple,Spiritual sites,"ArulmiguSriVaradharajaPerumalTemple, arolmygo Sry Varadharaja Paromal Tampla, ASVPT"
Chennai,Arulmigu Thiruthani Murugan Temple,Spiritual sites,"ArulmiguThiruthaniMuruganTemple, ATMT, arolmygo Thyrothany Morogan Tampla"
Chennai,Sri Kamakshi Amman Temple mangadu,Spiritual sites,"SKATm, Sry Kamakshy amman Tampla mangado, SriKamakshiAmmanTemplemangadu"
Chennai,St. Thomas Mount,Spiritual sites,"St. Thomas Moont, St.ThomasMount, STM"
Chennai,Arulmigu Vadapalani Murugan Temple,Spiritual sites,"ArulmiguVadapalaniMuruganTemple, arolmygo Vadapalany Morogan Tampla, AVMT"
Chennai,Kandhakottam Temple,Spiritual sites,"KT, Kandhakottam Tampla, KandhakottamTemple"
Chennai,Walajah Big Mosque,Spiritual sites,"Walajah Byg Mosqoa, WBM, WalajahBigMosque"
Chennai,Arulmigu Sri Parthasarathy Perumal Temple Tiruvallikeni,Spiritual sites,"arolmygo Sry Parthasarathy Paromal Tampla Tyrovallykany, ASPPTT, ArulmiguSriParthasarathyPerumalTempleTiruvallikeni"
Chennai,San Thome Basilica,Spiritual sites,"San Thoma Basylyca, SanThomeBasilica, STB"
Chennai,Kapaleeshwarar Temple,Spiritual sites,"KT, Kapalaashwarar Tampla, KapaleeshwararTemple"
Chennai,Arulmigu Marundeeswarar Temple,Spiritual sites,"arolmygo Marondaaswarar Tampla, AMT, ArulmiguMarundeeswararTemple"
Chennai,"Shri Ashtalakshmi Temple, Chennai",Spiritual sites,"Shry ashtalakshmy Tampla, Channay, SATC, Shri Ashtalakshmi Temple, ShriAshtalakshmiTemple,Chennai"
Chennai,Annai Velankanni Shrine,Spiritual sites,"AVS, AnnaiVelankanniShrine, annay Valankanny Shryna"
Chennai,Marina Beach,Nature,"Maryna Baach, MarinaBeach, MB"
Chennai,Edward Elliot's Beach (Besant Nagar Beach),Nature,"adward allyot's Baach (Basant Nagar Baach), EdwardElliot'sBeach(BesantNagarBeach), EEB(NB"
Chennai,Thiruvalluvar Nagar Beach (Breezy Beach),Nature,"ThiruvalluvarNagarBeach(BreezyBeach), TNB(B, Thyrovallovar Nagar Baach (Braazy Baach)"
Chennai,Neelangarai Beach (Olive Beach),Nature,"NeelangaraiBeach(OliveBeach), NB(B, Naalangaray Baach (olyva Baach)"
Chennai,Kovalam Beach,Nature,"KB, KovalamBeach, Kovalam Baach, Kovalam Beach "
Chennai,The Madras Crocodile Bank Trust and Centre for Herpetology,Nature,"Tha Madras Crocodyla Bank Trost and Cantra for Harpatology, TheMadrasCrocodileBankTrustandCentreforHerpetology, TMCBTaCfH"
Chennai,Kovalam Creek (The Great Salt Lake),Nature,"KovalamCreek(TheGreatSaltLake), Kovalam Craak (Tha Graat Salt Laka), KC(GSL"
Chennai,Arignar Anna Zoological Park,Nature,"AAZP, ArignarAnnaZoologicalPark, arygnar anna Zoologycal Park"
Chennai,Vedanthangal Bird Sanctuary,Nature,"VBS, VedanthangalBirdSanctuary, Vadanthangal Byrd Sanctoary"
Chennai,Snake Park (Guindy National Park),Nature,"Snaka Park (Goyndy Natyonal Park), SP(NP, SnakePark(GuindyNationalPark)"
Chennai,Puzhal Lake (Red Hills Lake),Nature,"PL(HL, Pozhal Laka (Rad Hylls Laka), PuzhalLake(RedHillsLake)"
Chennai,Chembarambakkam Lake,Nature,"ChembarambakkamLake, CL, Chambarambakkam Laka"
Chennai,Adyar River,Nature,"AR, AdyarRiver, adyar Ryvar"
Chennai,Cooum River,Nature,"CooumRiver, Cooom Ryvar, CR"
Chennai,Adyar Eco-Park (Tholkappia Poonga),Nature,"AdyarEco-Park(TholkappiaPoonga), AE(P, adyar aco-Park (Tholkappya Poonga)"
Chennai,Semmozhi Poonga,Nature,"SP, SemmozhiPoonga, Sammozhy Poonga"
Chennai,Anna Nagar Tower Park,Nature,"AnnaNagarTowerPark, ANTP, anna Nagar Towar Park"
Chennai,Chennai Rail Museum,Art and museum,"CRM, ChennaiRailMuseum, Channay Rayl Mosaom"
Chennai,Dakshina Chitra Heritage Museum,Art and museum,"DakshinaChitraHeritageMuseum, DCHM, Dakshyna Chytra Harytaga Mosaom"
Chennai,Cholamandal Artists Village,Art and museum,"Cholamandal artysts Vyllaga, CAV, CholamandalArtistsVillage"
Chennai,Kalakshetra Foundation,Art and museum,"Kalakshatra Foondatyon, KF, KalakshetraFoundation"
Chennai,B.M. Birla Planetarium,Art and museum,"B.M. Byrla Planataryom, B.M.BirlaPlanetarium, BBP"
Chennai,Vivekananda House (Ice House),Art and museum,"VivekanandaHouse(IceHouse), VH(H, Vyvakananda Hoosa (yca Hoosa)"
Chennai,Fort St. George Museum,Art and museum,"FortSt.GeorgeMuseum, Fort St.George Museum, FSGM, Fort St. Gaorga Mosaom"
Chennai,Government Museum Chennai,Art and museum,"GMC, GovernmentMuseumChennai, Govarnmant Mosaom Channay"
Chennai,Lalit Kala Academy,Art and museum,"Lalyt Kala acadamy, LKA, LalitKalaAcademy"
Chennai,VGP Universal Kingdom,Amusement park,"VGPUniversalKingdom, VGP onyvarsal Kyngdom, VUK"
Chennai,MGM Dizzee World,Amusement park,"MGMDizzeeWorld, MGM Dyzzaa World, MDW"
Chennai,Queensland Amusement Park,Amusement park,"QueenslandAmusementPark, Qoaansland amosamant Park, QAP"
Delhi,Red Fort,Iconic structures,"RF, Rad Fort, RedFort"
Delhi,Rajghat (Mahatma Gandhi memorial),Iconic structures,"Rajghat(MahatmaGandhimemorial), R(Gm, Rajghat (Mahatma Gandhy mamoryal)"
Delhi,Agrasen ki Baoli,Iconic structures,"agrasan ky Baoly, AgrasenkiBaoli, AkB"
Delhi,Jantar Mantar,Iconic structures,"JantarMantar, JM"
Delhi,Rashtrapati Bhavan,Iconic structures,"RB, RashtrapatiBhavan, Rashtrapaty Bhavan"
Delhi,India Gate,Iconic structures,"IndiaGate, yndya Gata, IG"
Delhi,"Safdarjung Tomb, Delhi",Iconic structures,"SafdarjungTomb,Delhi, Safdarjong Tomb, Dalhy, STD"
Delhi,Humayun's Tomb,Iconic structures,"HT, Homayon's Tomb, Humayun’s Tomb, Humayun'sTomb"
Delhi,Qutub Minar,Iconic structures,"QutubMinar, Qotob Mynar, QM"
Delhi,Feroz Shah Kotla Fort,Iconic structures,"Faroz Shah Kotla Fort, FSKF, FerozShahKotlaFort"
Delhi,Hauz Khas Village complex (Deer park),Iconic structures,"HauzKhasVillagecomplex(Deerpark), HKVc(p, Haoz Khas Vyllaga complax (Daar park)"
Delhi,Purana Quila,Iconic structures,"PQ, PuranaQuila, Porana Qoyla"
Delhi,Tughlaqabad Fort,Iconic structures,"TughlaqabadFort, Toghlaqabad Fort, TF"
Delhi,Mehrauli Archaeological Park,Iconic structures,"MAP, MehrauliArchaeologicalPark, Mahraoly archaaologycal Park"
Delhi,Airport Terminal 1 (Indira Gandhi International),Transport,"ayrport Tarmynal 1 (yndyra Gandhy yntarnatyonal), AT1(GI, AirportTerminal1(IndiraGandhiInternational),IGI"
Delhi,Airport Terminal 3 (Indira Gandhi International),Transport,"AT3(GI, AirportTerminal3(IndiraGandhiInternational), ayrport Tarmynal 3 (yndyra Gandhy yntarnatyonal),IGI"
Delhi,Airport Terminal 2 (Indira Gandhi International),Transport,"ayrport Tarmynal 2 (yndyra Gandhy yntarnatyonal), AirportTerminal2(IndiraGandhiInternational), AT2(GI,IGI"
Delhi,Hazrat Nizamuddin,Transport,"HN, HazratNizamuddin, Hazrat Nyzamoddyn"
Delhi,Sarai Kale Khan ISBT,Transport,"SKKI, SaraiKaleKhanISBT, Saray Kala Khan ySBT"
Delhi,Kashmiri Gate ISBT (Maharana Pratap),Transport,"KashmiriGateISBT(MaharanaPratap), KGI(P, Kashmyry Gata ySBT (Maharana Pratap)"
Delhi,New Delhi Railway Station,Transport,"Naw Dalhy Raylway Statyon, NDRS, NewDelhiRailwayStation"
Delhi,Old Delhi Railway Station,Transport,"ODRS, old Dalhy Raylway Statyon, OldDelhiRailwayStation"
Delhi,Delhi Sarai Rohilla,Transport,"DSR, Dalhy Saray Rohylla, DelhiSaraiRohilla"
Delhi,Delhi Cantt Railway Station,Transport,"DCRS, DelhiCanttRailwayStation, Dalhy Cantt Raylway Statyon"
Delhi,Anand Vihar Railway Station,Transport,"AVRS, anand Vyhar Raylway Statyon, AnandViharRailwayStation"
Delhi,Kaushambi bus stand (ISBT Anand Vihar),Transport,"Kbs(AV, Kaushambibusstand(ISBTAnandVihar), Kaoshamby bos stand (ySBT anand Vyhar)"
Delhi,Dhaula Kuan Bus Stand,Transport,"DKBS, Dhaola Koan Bos Stand, DhaulaKuanBusStand"
Delhi,"Jama Masjid, Delhi",Spiritual sites,"Jama Masjid, JMD, Jama Masjyd, Dalhy, JamaMasjid,Delhi"
Delhi,Akshardham temple,Spiritual sites,"akshardham tampla, At, Akshardhamtemple"
Delhi,Dargah Nizamuddin Aulia,Spiritual sites,"DNA, DargahNizamuddinAulia, Dargah Nyzamoddyn aolya"
Delhi,Lotus Temple,Spiritual sites,"LT, LotusTemple, Lotos Tampla"
Delhi,ISKCON Temple,Spiritual sites,"ISKCONTemple, IT, ySKCoN Tampla"
Delhi,Hanuman Mandir Karol bagh,Spiritual sites,"HanumanMandirKarolbagh, Hanoman Mandyr Karol bagh, HMKb"
Delhi,Gurudwara Sri Bangla Sahib,Spiritual sites,"GSBS, Gorodwara Sry Bangla Sahyb, GurudwaraSriBanglaSahib"
Delhi,Shri Laxmi Narayan Temple (Birla Mandir),Spiritual sites,"Shry Laxmy Narayan Tampla (Byrla Mandyr), SLNT(M, ShriLaxmiNarayanTemple(BirlaMandir)"
Delhi,Chattarpur Mandir,Spiritual sites,"Chattarpor Mandyr, CM, ChattarpurMandir"
Delhi,Tibetan Monastery (Majnu ka tila),Spiritual sites,"TM(kt, TibetanMonastery(Majnukatila), Tybatan Monastary (Majno ka tyla)"
Delhi,"National Science Centre, Delhi",Art and museum,"Natyonal Scyanca Cantra, Dalhy, NationalScienceCentre,Delhi, NSCD"
Delhi,National Crafts Museum & Hastkala Academy,Art and museum,"NCM&HA, NationalCraftsMuseum&HastkalaAcademy, Natyonal Crafts Mosaom & Hastkala acadamy"
Delhi,Shankar's International Dolls Museum,Art and museum,"Shankar'sInternationalDollsMuseum, SIDM, Shankar's yntarnatyonal Dolls Mosaom"
Delhi,"National Museum, New Delhi",Art and museum,"NMND, Natyonal Mosaom, Naw Dalhy, NationalMuseum,NewDelhi"
Delhi,National Rail Museum,Art and museum,"NationalRailMuseum, NRM, Natyonal Rayl Mosaom"
Delhi,Sulabh International Museum Of Toilets,Art and museum,"SulabhInternationalMuseumOfToilets, Solabh yntarnatyonal Mosaom of Toylats, SIMOT"
Delhi,Sanskriti Kendra,Art and museum,"SanskritiKendra, SK, Sanskryty Kandra"
Delhi,"Indira Gandhi Memorial Museum, Delhi",Art and museum,"yndyra Gandhy Mamoryal Mosaom, Dalhy, IGMMD, IndiraGandhiMemorialMuseum,Delhi"
Delhi,Nehru Planetarium,Art and museum,"NP, NehruPlanetarium, Nahro Planataryom"
Delhi,Prime minister Museum & Library,Art and museum,"Pryma mynystar Mosaom & Lybrary, PrimeministerMuseum&Library, PmM&L"
Delhi,Museum of Illusions,Art and museum,"MoI, MuseumofIllusions, Mosaom of yllosyons"
Delhi,National Zoological Park,Nature and park,"NationalZoologicalPark, NZP, Natyonal Zoologycal Park"
Delhi,Okhla Bird Sanctuary,Nature and park,"okhla Byrd Sanctoary, OBS, OkhlaBirdSanctuary"
Delhi,Central Ridge Forest,Nature and park,"Cantral Rydga Forast, CentralRidgeForest, CRF"
Delhi,Lodhi Garden,Nature and park,"LodhiGarden, LG, Lodhy Gardan"
Delhi,Sanjay Van,Nature and park,"SV, SanjayVan"
Delhi,The Garden of Five Senses,Nature and park,"TGoFS, TheGardenofFiveSenses, Tha Gardan of Fyva Sansas"
Delhi,Indraprastha Park,Nature and park,"IndraprasthaPark, IP, yndraprastha Park"
Delhi,Nehru Park,Nature and park,"NehruPark, Nahro Park, NP"
Delhi,Connaught Place,"Shopping, food & nightlife","CP, Connaoght Placa, ConnaughtPlace"
Delhi,Waste to wonder,Nature and park,"Wasta to wondar, Wastetowonder, Wtw"
Delhi,Jagannath mandir delhi,Spriritual sites,"Jagannathmandirdelhi, Jmd, Jagannath mandyr dalhy"
Delhi,Vasudev Ghat Yamuna aarti,Spiritual sites,"VasudevGhatYamunaaarti, Vasodav Ghat Yamona aarty, VGYa"
Delhi,Sunder Nursery,Nature and park,"Sondar Norsary, SunderNursery, SN"
Goa,Calangute Beach,Beaches & other water body,"Calangota Baach, CB, CalanguteBeach"
Goa,Baga Beach,Beaches & other water body,"BagaBeach, Baga Baach, BB"
Goa,Anjuna Beach,Beaches & other water body,"AnjunaBeach, AB, anjona Baach"
Goa,Vagator Beach,Beaches & other water body,"VB, VagatorBeach, Vagator Baach"
Goa,Morjim Beach,Beaches & other water body,"Morjym Baach, MorjimBeach, MB"
Goa,Goa,Beaches & other water body,
Goa,Colva Beach,Beaches & other water body,"ColvaBeach, CB, Colva Baach"
Goa,Palolem Beach,Beaches & other water body,"PB, PalolemBeach, Palolam Baach"
Goa,Dudhsagar Falls,Beaches & other water body,"DF, DudhsagarFalls, Dodhsagar Falls"
Goa,Harvalem Waterfalls,Beaches & other water body,"HarvalemWaterfalls, HW, Harvalam Watarfalls"
Goa,Dolphin point,Beaches & other water body,"Dp, Dolphinpoint, Dolphyn poynt"
Goa,Salaulim Dam,Beaches & other water body,"SalaulimDam, Salaolym Dam, SD"
Goa,Mandovi River,Beaches & other water body,"MandoviRiver, MR, Mandovy Ryvar"
Goa,Zuari River,Beaches & other water body,"ZuariRiver, ZR, Zoary Ryvar"
Goa,Chapora river,Beaches & other water body,"Chaporariver, Cr, Chapora ryvar"
Goa,Madgaon Junction,Transport,"MadgaonJunction, MJ, Madgaon Jonctyon"
Goa,Thivim Railway Station,Transport,"ThivimRailwayStation, Thyvym Raylway Statyon, TRS"
Goa,Vasco da Gama Railway Station,Transport,"VdGRS, Vasco da Gama Raylway Statyon, VascodaGamaRailwayStation"
Goa,Karmali Railway Station,Transport,"KarmaliRailwayStation, Karmaly Raylway Statyon, KRS"
Goa,Panaji Bus Stand,Transport,"PBS, Panjim Bus Stand, PanajiBusStand, Panajy Bos Stand"
Goa,Mapusa Bus Stand,Transport,"MapusaBusStand, Maposa Bos Stand, MBS"
Goa,Margao Bus Stand,Transport,"MBS, MargaoBusStand, Margao Bos Stand"
Goa,Dabolim Airport (Goa International Airport),Transport,"DabolimAirport(GoaInternationalAirport), Dabolym ayrport (Goa yntarnatyonal ayrport), DA(IA"
Goa,Mopa Airport (Manohar International Airport),Transport,"MopaAirport(ManoharInternationalAirport), MA(IA, Mopa ayrport (Manohar yntarnatyonal ayrport)"
Goa,Chapora Fort,Fort,"ChaporaFort, CF"
Goa,Aguada Fort,Fort,"AguadaFort, AF, agoada Fort"
Goa,Reis Magos Fort,Fort,"Rays Magos Fort, ReisMagosFort, RMF"
Goa,Cabo de Rama Fort,Fort,"CdRF, Cabo da Rama Fort, CabodeRamaFort"
Goa,Museum Of Goa,Art and museum,"MuseumOfGoa, MOG, Mosaom of Goa"
Goa,Goa Chitra Museum,Art and museum,"GCM, GoaChitraMuseum, Goa Chytra Mosaom"
Goa,Archaeological Museum of Goa,Art and museum,"ArchaeologicalMuseumofGoa, archaaologycal Mosaom of Goa, AMoG"
Goa,Indian Naval Aviation Museum,Art and museum,"IndianNavalAviationMuseum, INAM, yndyan Naval avyatyon Mosaom"
Goa,Goa State Museum,Art and museum,"GSM, GoaStateMuseum, Goa Stata Mosaom"
Goa,Anjuna flea market,Night life,"Anjunafleamarket, anjona flaa markat, Afm"
Goa,Tito's Lane,Night life,"TL, Tyto's Lana, Tito'sLane"
Goa,Casino on cruise,Night life,"Coc, Casinooncruise, Casyno on croysa"
Goa,Immaculate Conception Church,Spiritual sites,"ymmacolata Concaptyon Chorch, ImmaculateConceptionChurch, ICC"
Goa,Basilica of Bom Jesus,Spiritual sites,"BoBJ, Basylyca of Bom Jasos, BasilicaofBomJesus"
Goa,Church of St. Francis of Assisi,Spiritual sites,"CoSFoA, ChurchofSt.FrancisofAssisi, Chorch of St. Francys of assysy,  Se Cathedral & Church of St. Francis of Assisi"
Goa,Se Cathedral,Spiritual sites,"SeCathedral, SC, Sa Cathadral"
Goa,Shree Mangesh temple,Spiritual sites,"ShreeMangeshtemple, SMt, Shraa Mangash tampla"
Goa,Shree Shantadurga Mandir,Spiritual sites,"Shree Shantadurga Temple, ShreeShantadurgaMandir, Shraa Shantadorga Mandyr, SSM"
Goa,Mollem National Park & Bhagwan Mahavir Wildlife Sanctuary,Parks,"MollemNationalPark&BhagwanMahavirWildlifeSanctuary, MNP&BMWS, Mollam Natyonal Park & Bhagwan Mahavyr Wyldlyfa Sanctoary"
Goa,Cotigao Wildlife Sanctuary,Parks,"Cotygao Wyldlyfa Sanctoary, CWS, CotigaoWildlifeSanctuary"
Goa,Salim Ali Bird Sanctuary,Parks,"Salym aly Byrd Sanctoary, SalimAliBirdSanctuary, SABS"
Goa,Sahakari Spice Farm,Parks,"SSF, SahakariSpiceFarm, Sahakary Spyca Farm"
Goa,Tropical Spice Plantation,Parks,"TropicalSpicePlantation, TSP, Tropycal Spyca Plantatyon"
Goa,Bondla Wildlife Sanctuary,Parks,"BondlaWildlifeSanctuary, BWS, Bondla Wyldlyfa Sanctoary"
Goa,Butterfly Beach,Beaches & other water body,"ButterflyBeach, Bottarfly Baach, BB"
Hyderabad,Rajiv Gandhi International Airport,Transport,"RajivGandhiInternationalAirport, RGIA, Rajyv Gandhy yntarnatyonal ayrport"
Hyderabad,Jubilee Bus Station (JBS),Transport,"JubileeBusStation(JBS), JBS(, Jobylaa Bos Statyon (JBS)"
Hyderabad,Secunderabad Junction,Transport,"SecunderabadJunction, Sacondarabad Jonctyon, SJ"
Hyderabad,Mahatma Gandhi Bus Station (MGBS),Transport,"MahatmaGandhiBusStation(MGBS), MGBS(, Mahatma Gandhy Bos Statyon (MGBS)"
Hyderabad,Hyderabad Deccan (Nampally) Railway Station,Transport,"HD(RS, Hydarabad Daccan (Nampally) Raylway Statyon, HyderabadDeccan(Nampally)RailwayStation"
Hyderabad,Kacheguda Railway Station,Transport,"Kachagoda Raylway Statyon, KRS, KachegudaRailwayStation"
Hyderabad,Charminar,Iconic structures,Charmynar
Hyderabad,Chowmahalla Palace,Iconic structures,"Chowmahalla Palaca, CP, ChowmahallaPalace"
Hyderabad,Golconda Fort,Iconic structures,"GF, GolcondaFort"
Hyderabad,Qutub Shahi Tombs,Iconic structures,"Qotob Shahy Tombs, QST, QutubShahiTombs"
Hyderabad,Bhuvanagiri Fort,Iconic structures,"BF, BhuvanagiriFort, Bhovanagyry Fort"
Hyderabad,Buddha statue in Hussain Sagar,Iconic structures,"Boddha statoa yn Hossayn Sagar, BsiHS, BuddhastatueinHussainSagar"
Hyderabad,B.M. Birla Science Center,Art and museum,"B.M.BirlaScienceCenter, B.M. Byrla Scyanca Cantar, BBSC"
Hyderabad,Telangana State Archaeology Museum,Art and museum,"Talangana Stata archaaology Mosaom, TSAM, TelanganaStateArchaeologyMuseum"
Hyderabad,Shilparamam,Art and museum,Shylparamam
Hyderabad,Salar Jung Museum,Art and museum,"SalarJungMuseum, Salar Jong Mosaom, SJM"
Hyderabad,The Nizam's Museum,Art and museum,"TNM, Tha Nyzam's Mosaom, TheNizam'sMuseum"
Hyderabad,Ramoji Film City,Art and museum,"Ramojy Fylm Cyty, RFC, RamojiFilmCity"
Hyderabad,Kalakriti Art Gallery,Art and museum,"KalakritiArtGallery, Kalakryty art Gallary, KAG"
Hyderabad,Falaknuma Palace,Art and museum,"FalaknumaPalace, Falaknoma Palaca, FP"
Hyderabad,Sri Chilkur Balaji Temple,Spiritual sites,"Sry Chylkor Balajy Tampla, SriChilkurBalajiTemple, SCBT"
Hyderabad,Sri Peddamma Talli Temple,Spiritual sites,"SPTT, SriPeddammaTalliTemple, Sry Paddamma Tally Tampla"
Hyderabad,"Sri Jagannath Mandir, Banjara Hills",Spiritual sites,"Sry Jagannath Mandyr, Banjara Hylls, SriJagannathMandir,BanjaraHills, SJMBH"
Hyderabad,"Birla Mandir, Hyderabad",Spiritual sites,"Birla Mandir, Byrla Mandyr, Hydarabad, BirlaMandir,Hyderabad, BMH"
Hyderabad,"Gurudwara Saheb, Ameerpet",Spiritual sites,"GSA, Gorodwara Sahab, amaarpat, GurudwaraSaheb,Ameerpet"
Hyderabad,ISKCON - Sri Sri Radha Madan Mohan Temple,Spiritual sites,"ISKCON-SriSriRadhaMadanMohanTemple, ySKCoN - Sry Sry Radha Madan Mohan Tampla, I-SSRMMT"
Hyderabad,St Joseph's Cathedral,Spiritual sites,"StJoseph'sCathedral, SJC, St Josaph's Cathadral"
Hyderabad,Makkah Masjid,Spiritual sites,"MakkahMasjid, MM, Makkah Masjyd"
Hyderabad,Keesaragutta Sri Rama Lingeshwara Swamy Temple,Spiritual sites,"KSRLST, KeesaraguttaSriRamaLingeshwaraSwamyTemple, Kaasaragotta Sry Rama Lyngashwara Swamy Tampla"
Hyderabad,Yadadri Sri Lakshmi Narasimha Swamy Devastanam,Spiritual sites,"YSLNSD, Yadadry Sry Lakshmy Narasymha Swamy Davastanam, YadadriSriLakshmiNarasimhaSwamyDevastanam"
Hyderabad,C.S.I All Saints' Church,Spiritual sites,"C.S.y all Saynts' Chorch, CASC, C.S.IAllSaints'Church"
Hyderabad,C.S.I Medak Cathedral,Spiritual sites,"CMC, C.S.y Madak Cathadral, C.S.IMedakCathedral"
Hyderabad,Shri Shirdi Sai Baba Sansthan Trust,Spiritual sites,"Shry Shyrdy Say Baba Sansthan Trost, ShriShirdiSaiBabaSansthanTrust, SSSBST"
Hyderabad,"Shri Ashtalakshmi Temple, Hyderabad",Spiritual sites,"SATH, Shry ashtalakshmy Tampla, Hydarabad, Shri Ashtalakshmi Temple, ShriAshtalakshmiTemple,Hyderabad"
Hyderabad,Sri Karmanghat Hanuman Devastanam,Spiritual sites,"SriKarmanghatHanumanDevastanam, SKHD, Sry Karmanghat Hanoman Davastanam"
Hyderabad,Sri Bhramaramba Mallikarjuna Swamy varla Devasthanam,Spiritual sites,"SBMSvD, Sry Bhramaramba Mallykarjona Swamy varla Davasthanam, SriBhramarambaMallikarjunaSwamyvarlaDevasthanam"
Hyderabad,Kanha Shanti Vanam,Spiritual sites,"KanhaShantiVanam, KSV, Kanha Shanty Vanam"
Hyderabad,Sanghi Temple,Spiritual sites,"ST, SanghiTemple, Sanghy Tampla"
Hyderabad,Osman Sagar,Nature,"OsmanSagar, OS"
Hyderabad,Himayat Sagar Lake,Nature,"Hymayat Sagar Laka, HSL, HimayatSagarLake"
Hyderabad,Nehru Zoological Park,Nature,"NZP, Nahro Zoologycal Park, NehruZoologicalPark"
Hyderabad,Sri Kotla Vijaybhaskar Reddy Botanical Garden,Nature,"SKVRBG, SriKotlaVijaybhaskarReddyBotanicalGarden, Sry Kotla Vyjaybhaskar Raddy Botanycal Gardan"
Hyderabad,Gandipet Landscape Park,Nature,"GandipetLandscapePark, Gandypat Landscapa Park, GLP"
Hyderabad,Durgam Cheruvu Secret Lake,Nature,"DCSL, DurgamCheruvuSecretLake, Dorgam Charovo Sacrat Laka"
Hyderabad,Lumbini Park,Nature,"LumbiniPark, LP, Lombyny Park"
Hyderabad,NTR Gardens,Nature,"NTRGardens, NTR Gardans, NG"
Hyderabad,Sanjeevaiah Children's Park,Nature,"Sanjaavayah Chyldran's Park, SanjeevaiahChildren'sPark, SCP"
Hyderabad,Indira Park,Nature,"IndiraPark, IP, yndyra Park"
Hyderabad,Safilguda Lake Park,Nature,"SafilgudaLakePark, Safylgoda Laka Park, SLP"
Hyderabad,Shamirpet lake Deer Park,Nature,"SlDP, Shamyrpat laka Daar Park, ShamirpetlakeDeerPark"
Hyderabad,Kasu Brahmanandha Reddy National Park (KBR),Nature,"KBRNP(, Kaso Brahmanandha Raddy Natyonal Park (KBR), KasuBrahmanandhaReddyNationalPark(KBR)"
Hyderabad,Lotus Pond,Nature,"LotusPond, LP, Lotos Pond"
Hyderabad,Krishna Kanth Park,Nature,"KKP, KrishnaKanthPark, Kryshna Kanth Park"
Jaipur,Jaipur International Airport,Transport,"JaipurInternationalAirport, JIA, Jaypor yntarnatyonal ayrport"
Jaipur,Sindhi Camp Bus Station,Transport,"SCBS, SindhiCampBusStation, Syndhy Camp Bos Statyon"
Jaipur,Jaipur Junction,Transport,"JaipurJunction, Jaypor Jonctyon, JJ"
Jaipur,Gandhi Nagar Railway Station,Transport,"GandhiNagarRailwayStation, Gandhy Nagar Raylway Statyon, GNRS"
Jaipur,Durgapura Railway Station,Transport,"DurgapuraRailwayStation, DRS, Dorgapora Raylway Statyon"
Jaipur,(NSC) Narayan Singh Circle Bus Stand,Transport,"(NSC) Narayan Syngh Cyrcla Bos Stand, (NSC) Narayan Singh Circle Bus Stand , (NSCBS, (NSC)NarayanSinghCircleBusStand"
Jaipur,Hawa Mahal,Fort and Iconic structures,"HM, HawaMahal"
Jaipur,Amber Palace,Fort and Iconic structures,"ambar Palaca, AmberPalace, AP"
Jaipur,Jantar Mantar,Fort and Iconic structures,"JantarMantar, JM"
Jaipur,The City Palace,Fort and Iconic structures,"TCP, TheCityPalace, Tha Cyty Palaca"
Jaipur,Jaigarh Fort,Fort and Iconic structures,"JaigarhFort, JF, Jaygarh Fort"
Jaipur,Nahargarh Fort,Fort and Iconic structures,"NahargarhFort, NF"
Jaipur,Jal Mahal (Man Sagar Lake),Fort and Iconic structures,"JalMahal(ManSagarLake), JM(SL, Jal Mahal (Man Sagar Laka)"
Jaipur,Gaitor Ki Chhatriyan,Fort and Iconic structures,"GKC, GaitorKiChhatriyan, Gaytor Ky Chhatryyan"
Jaipur,Patrika Gate (Jawahar Circle),Fort and Iconic structures,"PatrikaGate(JawaharCircle), PG(C, Patryka Gata (Jawahar Cyrcla)"
Jaipur,Bhangarh Fort,Fort and Iconic structures,"BhangarhFort, BF"
Jaipur,Panna Meena ka Kund,Fort and Iconic structures,"PannaMeenakaKund, Panna Maana ka Kond, PMkK"
Jaipur,Chand Baori,Fort and Iconic structures,"ChandBaori, Chand Baory, CB"
Jaipur,Shakambari Jheel,Nature,"ShakambariJheel, SJ, Shakambary Jhaal"
Jaipur,Jhalana Leopard Safari Park,Nature,"JhalanaLeopardSafariPark, Jhalana Laopard Safary Park, JLSP"
Jaipur,Central Park,Nature,"CentralPark, CP, Cantral Park"
Jaipur,Amar Jawan Jyoti,Nature,"AmarJawanJyoti, AJJ, amar Jawan Jyoty"
Jaipur,Kanak Vrindavan Park,Nature,"KVP, KanakVrindavanPark, Kanak Vryndavan Park"
Jaipur,Sisodia Rani ka Bagh & Vidyadhar Bagh,Nature,"SisodiaRanikaBagh&VidyadharBagh, SRkB&VB, Sysodya Rany ka Bagh & Vydyadhar Bagh"
Jaipur,Nahargarh Biological Park,Nature,"NBP, Nahargarh Byologycal Park, NahargarhBiologicalPark"
Jaipur,Birla Mandir,Spiritual sites,"BM, BirlaMandir, Byrla Mandyr"
Jaipur,"Govind Dev Ji Temple, Thikana mandir",Spiritual sites,"GovindDevJiTemple,Thikanamandir, Govynd Dav Jy Tampla, Thykana mandyr, GDJTTm"
Jaipur,Moti Dungri Ganesh Ji Temple,Spiritual sites,"MotiDungriGaneshJiTemple, MDGJT, Moty Dongry Ganash Jy Tampla"
Jaipur,Galta Ji Temple (Monkey Temple),Spiritual sites,"Galta Jy Tampla (Monkay Tampla), GJT(T, GaltaJiTemple(MonkeyTemple)"
Jaipur,Shree Khole Ke Hanuman Ji Temple,Spiritual sites,"Shraa Khola Ka Hanoman Jy Tampla, ShreeKholeKeHanumanJiTemple, SKKHJT"
Jaipur,"Jain Temple Sanghi Ji, Sanganer.",Spiritual sites,"Jayn Tampla Sanghy Jy, Sanganar., JTSJS, JainTempleSanghiJi,Sanganer., Jain Temple Sanghi Ji, Sanganer ."
Jaipur,Shri Guru Singh Sabha Gurudwara,Spiritual sites,"Shry Goro Syngh Sabha Gorodwara, SGSSG, ShriGuruSinghSabhaGurudwara"
Jaipur,Shri garh ganesh ji temple,Spiritual sites,"Shrigarhganeshjitemple, Shry garh ganash jy tampla, Sggjt"
Jaipur,"ISKCON Temple, Jaipur",Spiritual sites,"ISKCONTemple,Jaipur, ySKCoN Tampla, Jaypor, ITJ"
Jaipur,Shri Jagat Shiromani ji Temple,Spiritual sites,"SJSjT, ShriJagatShiromanijiTemple, Shry Jagat Shyromany jy Tampla"
Jaipur,Chulgiri Jain Thirth,Spiritual sites,"Cholgyry Jayn Thyrth, ChulgiriJainThirth, CJT"
Jaipur,Mehandipur Balaji,Spiritual sites,"Mahandypor Balajy, MehandipurBalaji, MB"
Jaipur,Albert Hall Museum,Art and museum,"AlbertHallMuseum, albart Hall Mosaom, AHM"
Jaipur,Pratap Celebrity Wax Museum Jaipur,Art and museum,"PratapCelebrityWaxMuseumJaipur, Pratap Calabryty Wax Mosaom Jaypor, PCWMJ"
Jaipur,Anokhi Museum,Art and museum,"AnokhiMuseum, anokhy Mosaom, AM"
Jaipur,Jawahar Kala Kendra,Art and museum,"JKK, Jawahar Kala Kandra, JawaharKalaKendra"
Jaisalmer,Jaisalmer Airport,Transport,"Jaysalmar ayrport, JA, JaisalmerAirport"
Jaisalmer,Railway station Jaisalmer,Transport,"RsJ, RailwaystationJaisalmer, Raylway statyon Jaysalmar"
Jaisalmer,RSRTC Bus stand,Transport,"RSRTCBusstand, RBs, RSRTC Bos stand"
Jaisalmer,Private bus stand,Transport,"Privatebusstand, Pryvata bos stand, Pbs"
Jaisalmer,Jaisalmer Fort,Fort and Iconic structures,"JF, JaisalmerFort, Jaysalmar Fort"
Jaisalmer,Kothari's Patwon Ki Haveli / Patwa Haveli,Fort and Iconic structures,"Kothari'sPatwonKiHaveli/PatwaHaveli, KPKH/PH, Kothary's Patwon Ky Havaly / Patwa Havaly"
Jaisalmer,Nathmal Ki Haveli,Fort and Iconic structures,"NathmalKiHaveli, NKH, Nathmal Ky Havaly"
Jaisalmer,Salam Singh Ki Haweli (Moti Mahal),Fort and Iconic structures,"SSKH(M, Salam Syngh Ky Hawaly (Moty Mahal), SalamSinghKiHaweli(MotiMahal)"
Jaisalmer,Bada Bagh,Fort and Iconic structures,"BadaBagh, BB"
Jaisalmer,Vyas Chhatri,Fort and Iconic structures,"VyasChhatri, VC, Vyas Chhatry"
Jaisalmer,Kuldhara Heritage Village,Fort and Iconic structures,"KHV, Koldhara Harytaga Vyllaga, KuldharaHeritageVillage"
Jaisalmer,Khaba fort,Fort and Iconic structures,"Kf, Khabafort"
Jaisalmer,Thar desert sand dunes & camps,Nature,"Thar dasart sand donas & camps, Thardesertsanddunes&camps, Tdsd&c"
Jaisalmer,Gadisar Lake,Nature,"Gadysar Laka, GadisarLake, GL"
Jaisalmer,Shri Tanot Mata Temple,Spiritual sites,"ShriTanotMataTemple, STMT, Shry Tanot Mata Tampla"
Jaisalmer,Lodurva Parshwanatha Jain Temple,Spiritual sites,"Lodorva Parshwanatha Jayn Tampla, LPJT, LodurvaParshwanathaJainTemple"
Jaisalmer,Thar Heritage Museum,Art and museum,"THM, TharHeritageMuseum, Thar Harytaga Mosaom"
Jaisalmer,Government Museum Jaisalmer,Art and museum,"GMJ, GovernmentMuseumJaisalmer, Govarnmant Mosaom Jaysalmar"
Jaisalmer,Longewala War Memorial,Art and museum,"LWM, Longawala War Mamoryal, LongewalaWarMemorial"
Jaisalmer,Heritage Mandir Palace,Art and museum,"HeritageMandirPalace, HMP, Harytaga Mandyr Palaca"
Jaisalmer,Desert Cultural Centre (puppet show),Art and museum,"DCC(s, DesertCulturalCentre(puppetshow), Dasart Coltoral Cantra (poppat show)"
Jaisalmer,Jaisalmer War Museum,Art and museum,"JaisalmerWarMuseum, JWM, Jaysalmar War Mosaom"
Jodhpur,Jodhpur Airport,Transport,"Jodhpor ayrport, JA, JodhpurAirport"
Jodhpur,Jodhpur Railway Station,Transport,"JRS, JodhpurRailwayStation, Jodhpor Raylway Statyon"
Jodhpur,Bhagat Ki Kothi Railway Station,Transport,"BhagatKiKothiRailwayStation, BKKRS, Bhagat Ky Kothy Raylway Statyon"
Jodhpur,Jodhpur Bus Stand (Raika Bagh),Transport,"JodhpurBusStand(RaikaBagh), Jodhpor Bos Stand (Rayka Bagh), JBS(B"
Jodhpur,Mehrangarh Fort,Forts and Museums,"MehrangarhFort, Mahrangarh Fort, MF"
Jodhpur,Umaid Bhawan Palace,Forts and Museums,"UmaidBhawanPalace, UBP, omayd Bhawan Palaca"
Jodhpur,Jaswant Thada,Forts and Museums,"JaswantThada, JT"
Jodhpur,Ghanta Ghar Jodhpur,Forts and Museums,"Ghanta Ghar Jodhpor, GhantaGharJodhpur, GGJ"
Jodhpur,Toorji Ka Jhalra Bavdi,Forts and Museums,"Toorjy Ka Jhalra Bavdy, ToorjiKaJhalraBavdi, TKJB"
Jodhpur,Sardar Government Museum,Forts and Museums,"Sardar Govarnmant Mosaom, SGM, SardarGovernmentMuseum"
Jodhpur,Osiyan sacchiyay Mata Temple,Spiritual sites,"OsiyansacchiyayMataTemple, osyyan sacchyyay Mata Tampla, OsMT"
Jodhpur,Mahamandir Temple,Spiritual sites,"MT, MahamandirTemple, Mahamandyr Tampla"
Jodhpur,Ganesh Temple Ratanada,Spiritual sites,"GaneshTempleRatanada, Ganash Tampla Ratanada, GTR"
Jodhpur,Kayalana Lake,Nature,"KayalanaLake, Kayalana Laka, KL"
Jodhpur,Masuria Hill Garden,Nature,"Masorya Hyll Gardan, MasuriaHillGarden, MHG"
Jodhpur,Mandore Garden,Nature,"Mandora Gardan, MG, MandoreGarden"
Kolkata,Victoria Memorial,Iconic structures,"Vyctorya Mamoryal, VM, VictoriaMemorial"
Kolkata,"Fort William, India",Iconic structures,"FortWilliam,India, Fort Wyllyam, yndya, FWI"
Kolkata,James Prinsep Monument,Iconic structures,"JamesPrinsepMonument, Jamas Prynsap Monomant, JPM"
Kolkata,Eden Gardens,Iconic structures,"adan Gardans, EdenGardens, EG"
Kolkata,Howrah Bridge,Iconic structures,"Howrah Brydga, HowrahBridge, HB"
Kolkata,Jorasanko Thakurbari,Art and museum,"JT, Jorasanko Thakorbary, JorasankoThakurbari"
Kolkata,Science City - Kolkata,Art and museum,"SC-K, Scyanca Cyty - Kolkata, ScienceCity-Kolkata"
Kolkata,Marble Palace,Art and museum,"MarblePalace, Marbla Palaca, MP"
Kolkata,M.P. Birla Planetarium,Art and museum,"M.P.BirlaPlanetarium, M.P. Byrla Planataryom, MBP"
Kolkata,Indian Museum,Art and museum,"IndianMuseum, yndyan Mosaom, IM"
Kolkata,Nehru Children's Museum,Art and museum,"NCM, NehruChildren'sMuseum, Nahro Chyldran's Mosaom"
Kolkata,Netaji Bhawan,Art and museum,"Natajy Bhawan, NB, NetajiBhawan"
Kolkata,Mother Teresa's tomb,Art and museum,"MotherTeresa'stomb, MTt, Mothar Tarasa's tomb"
Kolkata,Metcalfe Hall,Art and museum,"MetcalfeHall, Matcalfa Hall, MH"
Kolkata,Birla Industrial & Technological Museum,Art and museum,"BI&TM, Byrla yndostryal & Tachnologycal Mosaom, BirlaIndustrial&TechnologicalMuseum"
Kolkata,"Nandan, West Bengal Film Centre & Academy of Fine Arts & Rabindra Sadan",Art and museum,"Nandan, Wast Bangal Fylm Cantra & acadamy of Fyna arts & Rabyndra Sadan, Nandan,WestBengalFilmCentre&AcademyofFineArts&RabindraSadan, NWBFC&AoFA&RS"
Kolkata,Sarat Chandra Chattopadhyay Kuthi,Art and museum,"SCCK, SaratChandraChattopadhyayKuthi, Sarat Chandra Chattopadhyay Kothy"
Kolkata,Kolkata Centre for Creativity,Art and museum,"KCfC, KolkataCentreforCreativity, Kolkata Cantra for Craatyvyty"
Kolkata,Kalighat Mandir Shaktipeeth,Spiritual sites,"KalighatMandirShaktipeeth, KMS, Kalyghat Mandyr Shaktypaath"
Kolkata,St. Paul Cathedral Church,Spiritual sites,"St. Paol Cathadral Chorch, St.PaulCathedralChurch, SPCC, St. Paul's Cathedral"
Kolkata,Dakshineswar Temple,Spiritual sites,"DakshineswarTemple, Dakshineswar Kali Temple, Dakshynaswar Tampla, DT"
Kolkata,Belur Math,Spiritual sites,"Balor Math, BM, BelurMath"
Kolkata,Nakhoda Masjid,Spiritual sites,"NM, NakhodaMasjid, Nakhoda Masjyd"
Kolkata,"Birla Mandir, Kolkata",Spiritual sites,"Birla Mandir, BirlaMandir,Kolkata, BMK, Byrla Mandyr, Kolkata"
Kolkata,Pareshnath Jain Temple kolkata,Spiritual sites,"Parashnath Jayn Tampla kolkata, PareshnathJainTemplekolkata, PJTk"
Kolkata,ISKCON Kolkata Sri Sri Radha Govinda Temple,Spiritual sites,"ySKCoN Kolkata Sry Sry Radha Govynda Tampla, IKSSRGT, ISKCONKolkataSriSriRadhaGovindaTemple"
Kolkata,Gurdwara Sant kutiya,Spiritual sites,"Gordwara Sant kotyya, Gurdwara Sant kutia, GSk, GurdwaraSantkutiya"
Kolkata,"(Bandel Church) The Basilica of the Holy Rosary, Bandel",Spiritual sites,"The Basilica of the Holy Rosary, Bandel (Bandel Church), (Bandal Chorch) Tha Basylyca of tha Holy Rosary, Bandal, (CTBotHRB, (BandelChurch)TheBasilicaoftheHolyRosary,Bandel"
Kolkata,Hooghly Imambara,Spiritual sites,"Hooghly ymambara, HooghlyImambara, HI"
Kolkata,Howrah Junction,Transport,"HJ, Howrah Jonctyon, HowrahJunction"
Kolkata,Netaji Subhash Chandra Bose International Airport,Transport,"NetajiSubhashChandraBoseInternationalAirport, NSCBIA, Natajy Sobhash Chandra Bosa yntarnatyonal ayrport, Airport (Netaji Subhash Chandra Bose International)"
Kolkata,Sealdah Railway station,Transport,"Saaldah Raylway statyon, SRs, SealdahRailwaystation"
Kolkata,Esplanade Bus Stop,Transport,"asplanada Bos Stop, EsplanadeBusStop, EBS"
Kolkata,Babughat Bus Stand,Transport,"BBS, Baboghat Bos Stand, BabughatBusStand"
Kolkata,Karunamoyee bus stand,Transport,"Karonamoyaa bos stand, Karunamoyeebusstand, Kbs"
Kolkata,"Indian Botanic Garden, Acharya Jagadish Chandra Bose",Nature and park,"IndianBotanicGarden,AcharyaJagadishChandraBose, IBGAJCB, Indian Botanic Garden, Acharya Jagadish Chandra Bose , yndyan Botanyc Gardan, acharya Jagadysh Chandra Bosa"
Kolkata,"Zoological Garden, Alipore",Nature and park,"Zoologycal Gardan, alypora, ZoologicalGarden,Alipore, ZGA"
Kolkata,"Central Park, Salt Lake, Kolkata",Nature and park,"CentralPark,SaltLake,Kolkata, Cantral Park, Salt Laka, Kolkata, CPSLK"
Kolkata,East Calcutta Wetlands,Nature and park,"ECW, aast Calcotta Watlands, EastCalcuttaWetlands"
Kolkata,"Millennium Park, Kolkata",Nature and park,"MPK, MillenniumPark,Kolkata, Myllannyom Park, Kolkata"
Kolkata,Eco Park,Nature and park,"aco Park, EcoPark, EP"
Kolkata,Nicco park,Nature and park,"Np, Niccopark, Nycco park"
Kolkata,Nalban Park,Nature and park,"NP, NalbanPark"
Kolkata,Rabindra Sarobar Lake,Nature and park,"RSL, RabindraSarobarLake, Rabyndra Sarobar Laka"
Kolkata,Subhas Sarobar Lake,Nature and park,"Sobhas Sarobar Laka, SSL, SubhasSarobarLake, Subhash Sarobar Lake"
Kolkata,Kolkata River Cruise,Nature and park,"KRC, KolkataRiverCruise, Kolkata Ryvar Croysa"
Kolkata,Sajnekhali Wildlife Sanctuary,Nature and park,"SajnekhaliWildlifeSanctuary, Sajnakhaly Wyldlyfa Sanctoary, SWS"
Manali,Manali Bus Stand (HRTC Bus Stand),Transport,"Manaly Bos Stand (HRTC Bos Stand), ManaliBusStand(HRTCBusStand), MBS(BS"
Manali,Private Volvo Bus Stand,Transport,"PrivateVolvoBusStand, PVBS, Pryvata Volvo Bos Stand"
Manali,Shri Vashishtha Temple,Spiritual sites,"SVT, Shry Vashyshtha Tampla, ShriVashishthaTemple"
Manali,Hadimba Devi Temple,Spiritual sites,"HadimbaDeviTemple, HDT, Hadymba Davy Tampla"
Manali,Shri Anjani Mahadev Mandir,Spiritual sites,"ShriAnjaniMahadevMandir, Shry anjany Mahadav Mandyr, SAMM"
Manali,"Manu Temple, Old Manali",Spiritual sites,"Mano Tampla, old Manaly, ManuTemple,OldManali, MTOM"
Manali,"Buddhist Monastery, Gadhan Thekchhokling Gompa",Spiritual sites,"BuddhistMonastery,GadhanThekchhoklingGompa, BMGTG, Boddhyst Monastary, Gadhan Thakchhoklyng Gompa, Buddhist Monastery, Gadhan Thekchhokling Gompa "
Manali,Himalayan Nyinmapa Buddhist Monastery,Spiritual sites,"HimalayanNyinmapaBuddhistMonastery, Hymalayan Nyynmapa Boddhyst Monastary, HNBM"
Manali,Mall Road Market,Market,"MallRoadMarket, MRM, Mall Road Markat"
Manali,Rohtang La,Adventure & Recreation,"RL, RohtangLa"
Manali,Solang Valley,Adventure & Recreation,"Solang Vallay, SV, SolangValley"
Manali,Hampta Pass Trek,Adventure & Recreation,"HPT, HamptaPassTrek, Hampta Pass Trak"
Manali,Jogini Falls,Water feature & Parks,"JoginiFalls, JF, Jogyny Falls"
Manali,Nehru Kund,Water feature & Parks,"NK, NehruKund, Nahro Kond"
Manali,Bhrigu Lake,Water feature & Parks,"BhriguLake, Bhrygo Laka, BL"
Manali,Manali wildlife sanctuary,Water feature & Parks,"Mws, Manaliwildlifesanctuary, Manaly wyldlyfa sanctoary"
Manali,Van Vihar National Park,Water feature & Parks,"VanViharNationalPark, VVNP, Van Vyhar Natyonal Park"
Manali,Naggar Castle,Iconic structures,"Naggar Castla, NC, NaggarCastle"
Mathura Vrindavan,"Prem Mandir, Vrindavan",Temples,"PremMandir,Vrindavan, PMV, Pram Mandyr, Vryndavan"
Mathura Vrindavan,Sri Sri Krishna Balaram Mandir (ISKCON Vrindavan),Temples,"SSKBM(V, SriSriKrishnaBalaramMandir(ISKCONVrindavan), Sry Sry Kryshna Balaram Mandyr (ySKCoN Vryndavan)"
Mathura Vrindavan,Shri Krishna Janmasthan,Temples,"SKJ, Shry Kryshna Janmasthan, ShriKrishnaJanmasthan"
Mathura Vrindavan,"Shri Dwarkadhish Temple, Mathura",Temples,"ShriDwarkadhishTemple,Mathura, SDTM, Shry Dwarkadhysh Tampla, Mathora"
Mathura Vrindavan,Birla Gita Temple,Temples,"Byrla Gyta Tampla, BGT, BirlaGitaTemple"
Mathura Vrindavan,"Shri Banke Bihari Temple, Vrindavan",Temples,"SBBTV, Shry Banka Byhary Tampla, Vryndavan, ShriBankeBihariTemple,Vrindavan"
Mathura Vrindavan,"Shri Radha Raman Temple, Vrindavan",Temples,"ShriRadhaRamanTemple,Vrindavan, SRRTV, Shry Radha Raman Tampla, Vryndavan"
Mathura Vrindavan,"Shri Radha Rani Temple, Barsana",Temples,"SRRTB, Shry Radha Rany Tampla, Barsana, ShriRadhaRaniTemple,Barsana"
Mathura Vrindavan,Rangnath Mandir (Shri Rangji Mandir),Temples,"Rangnath Mandyr (Shry Rangjy Mandyr), RangnathMandir(ShriRangjiMandir), RM(RM"
Mathura Vrindavan,Vrindavan Chandrodaya Mandir,Temples,"VrindavanChandrodayaMandir, Vryndavan Chandrodaya Mandyr, VCM"
Mathura Vrindavan,"Shri Pagal Baba Temple, Vrindavan",Temples,"SPBTV, ShriPagalBabaTemple,Vrindavan, Shry Pagal Baba Tampla, Vryndavan"
Mathura Vrindavan,"Maa Vaishno Devi Dham, Vrindavan",Temples,"MVDDV, MaaVaishnoDeviDham,Vrindavan, Maa Vayshno Davy Dham, Vryndavan"
Mathura Vrindavan,Gokul Dham,Temples,"GokulDham, GD, Gokol Dham"
Mathura Vrindavan,"Shri Nand Baba Temple, Nandgaon",Temples,"Shry Nand Baba Tampla, Nandgaon, SNBTN, ShriNandBabaTemple,Nandgaon"
Mathura Vrindavan,Shri Shani Mandir Kokilavan,Temples,"ShriShaniMandirKokilavan, SSMK, Shry Shany Mandyr Kokylavan"
Mathura Vrindavan,Mathura Chaurasi Digamber Jain Temple,Temples,"MCDJT, MathuraChaurasiDigamberJainTemple, Mathora Chaorasy Dygambar Jayn Tampla"
Mathura Vrindavan,Shri Raman Bihariji Mandir,Temples,"ShriRamanBiharijiMandir, SRBM, Shry Raman Byharyjy Mandyr"
Mathura Vrindavan,"Government Museum, Mathura",Fort & Museum,"GMM, GovernmentMuseum,Mathura, Govarnmant Mosaom, Mathora"
Mathura Vrindavan,"Kans Quila, Mathura",Fort & Museum,"KQM, Kans Qoyla, Mathora, KansQuila,Mathura"
Mathura Vrindavan,Yamuna river,Sacred Landscapes,"Yr, Yamona ryvar, Yamunariver"
Mathura Vrindavan,Vishram Ghat,Sacred Landscapes,"Vyshram Ghat, VishramGhat, VG"
Mathura Vrindavan,Keshi Ghat,Sacred Landscapes,"Kashy Ghat, KeshiGhat, KG"
Mathura Vrindavan,Nidhivan,Sacred Landscapes,Nydhyvan
Mathura Vrindavan,Seva Kunj,Sacred Landscapes,"SevaKunj, Sava Konj, SK"
Mathura Vrindavan,Govardhan hill,Sacred Landscapes,"Govardhanhill, Gh, Govardhan hyll"
Mathura Vrindavan,"Potra Kund, Mathura",Sacred Landscapes,"Potra Kond, Mathora, PotraKund,Mathura, PKM"
Mathura Vrindavan,Radha Kund & Shyam Kund,Sacred Landscapes,"RK&SK, RadhaKund&ShyamKund, Radha Kond & Shyam Kond"
Mathura Vrindavan,"Kusum Sarovar, Govardhan",Sacred Landscapes,"KSG, Kosom Sarovar, Govardhan, KusumSarovar,Govardhan"
Mathura Vrindavan,Mathura Junction,Transport,"MathuraJunction, Mathora Jonctyon, MJ"
Mathura Vrindavan,Mathura Cantt,Transport,"MathuraCantt, MC, Mathora Cantt"
Mathura Vrindavan,New Bus Stand,Transport,"Naw Bos Stand, NBS, NewBusStand"
Mathura Vrindavan,"Bus Stand, Govardhan",Transport,"BusStand,Govardhan, BSG, Bos Stand, Govardhan"
Mathura Vrindavan,Vrindavan Bus Stand,Transport,"VrindavanBusStand, VBS, Vryndavan Bos Stand"
Mumbai,Airport Terminal 2 (Chhatrapati Shivaji Maharaj International),Transport,"AirportTerminal2(ChhatrapatiShivajiMaharajInternational), ayrport Tarmynal 2 (Chhatrapaty Shyvajy Maharaj yntarnatyonal), AT2(SMI"
Mumbai,Airport Terminal 1 (Chhatrapati Shivaji Maharaj International),Transport,"AirportTerminal1(ChhatrapatiShivajiMaharajInternational), ayrport Tarmynal 1 (Chhatrapaty Shyvajy Maharaj yntarnatyonal), AT1(SMI"
Mumbai,Bandra Terminus,Transport,"BandraTerminus, BT, Bandra Tarmynos"
Mumbai,Lokmanya Tilak Terminus (LTT),Transport,"Lokmanya Tylak Tarmynos (LTT), LTT(, LokmanyaTilakTerminus(LTT)"
Mumbai,Dadar Railway Station,Transport,"DadarRailwayStation, DRS, Dadar Raylway Statyon"
Mumbai,Mumbai Central Railway Station,Transport,"MumbaiCentralRailwayStation, MCRS, Mombay Cantral Raylway Statyon"
Mumbai,Chhatrapati Shivaji Maharaj Terminus,Transport,"ChhatrapatiShivajiMaharajTerminus, CSMT, Chhatrapaty Shyvajy Maharaj Tarmynos"
Mumbai,Kurla Nehru Nagar ST,Transport,"KNNS, KurlaNehruNagarST, Kurla Nehru Nagar ST , Korla Nahro Nagar ST"
Mumbai,Mumbai Central Bus Depot [MSRTC],Transport,"MCBD[, MumbaiCentralBusDepot[MSRTC], Mombay Cantral Bos Dapot [MSRTC]"
Mumbai,MSRTC Shivneri Bus stand Dadar,Transport,"MSRTCShivneriBusstandDadar, MSBsD, MSRTC Shyvnary Bos stand Dadar"
Mumbai,MSRTC Bus stand Thane - Vandana,Transport,"MSRTC Bos stand Thana - Vandana, MBsT-V, MSRTCBusstandThane-Vandana"
Mumbai,Borivali Nancy Colony Bus Stand,Transport,"BorivaliNancyColonyBusStand, BNCBS, Boryvaly Nancy Colony Bos Stand"
Mumbai,Dukaan Borivali East,Transport,"Dokaan Boryvaly aast, DukaanBorivaliEast, DBE"
Mumbai,Elephanta Caves,Iconic structures,"ElephantaCaves, alaphanta Cavas, EC"
Mumbai,Kanheri Caves,Iconic structures,"KC, KanheriCaves, Kanhary Cavas"
Mumbai,Vasai Fort,Iconic structures,"Vasay Fort, VF, VasaiFort"
Mumbai,Jogeshwari Caves,Iconic structures,"JC, JogeshwariCaves, Jogashwary Cavas"
Mumbai,Madh Fort,Iconic structures,"MadhFort, MF"
Mumbai,Bandra Fort,Iconic structures,"BF, BandraFort"
Mumbai,Flora Fountain,Iconic structures,"FloraFountain, Flora Foontayn, FF"
Mumbai,Gateway Of India,Iconic structures,"GOI, GatewayOfIndia, Gataway of yndya"
Mumbai,Shivadi fort and Flamingo Point,Iconic structures,"SfaFP, Shyvady fort and Flamyngo Poynt, ShivadifortandFlamingoPoint"
Mumbai,Bandra Worli Sea Link Bridge,Iconic structures,"BandraWorliSeaLinkBridge, BWSLB, Bandra Worly Saa Lynk Brydga"
Mumbai,Marine Drive,Iconic structures,"MarineDrive, Maryna Dryva, MD"
Mumbai,Global Vipassana Pagoda,Spiritual sites,"Global Vypassana Pagoda, GlobalVipassanaPagoda, GVP"
Mumbai,ISKCON Mandir - Juhu,Spiritual sites,"ISKCONMandir-Juhu, ySKCoN Mandyr - Joho, IM-J"
Mumbai,Gaondevi Temple & Gilbert Hill,Spiritual sites,"Gaondavy Tampla & Gylbart Hyll, GaondeviTemple&GilbertHill, GT&GH"
Mumbai,Basilica of Our Lady of the Mount,Spiritual sites,"BasilicaofOurLadyoftheMount, BoOLotM, Basylyca of oor Lady of tha Moont"
Mumbai,Shree Siddhivinayak Temple,Spiritual sites,"Shraa Syddhyvynayak Tampla, SST, ShreeSiddhivinayakTemple"
Mumbai,BAPS Shri Swaminarayan Mandir,Spiritual sites,"BAPSShriSwaminarayanMandir, BaPS Shry Swamynarayan Mandyr, BSSM"
Mumbai,Haji Ali Dargah,Spiritual sites,"Hajy aly Dargah, HajiAliDargah, HAD"
Mumbai,Shri Mahalakshmi Temple,Spiritual sites,"Shry Mahalakshmy Tampla, SMT, ShriMahalakshmiTemple"
Mumbai,Shree Babulnath Mandir,Spiritual sites,"SBM, ShreeBabulnathMandir, Shraa Babolnath Mandyr"
Mumbai,ISKCON Chowpatty (Sri Sri Radha Gopinath Mandir),Spiritual sites,"IC(SRGM, ISKCONChowpatty(SriSriRadhaGopinathMandir), ySKCoN Chowpatty (Sry Sry Radha Gopynath Mandyr)"
Mumbai,Juma Masjid,Spiritual sites,"Joma Masjyd, JM, JumaMasjid"
Mumbai,Shri Mumbadevi Temple,Spiritual sites,"SMT, ShriMumbadeviTemple, Shry Mombadavy Tampla"
Mumbai,St. Thomas' Cathedral,Spiritual sites,"St. Thomas’ Cathedral, STC, St.Thomas'Cathedral, St. Thomas' Cathadral"
Mumbai,Zoo (Veermata Jijabai Bhosale Botanical Udyan),Nature,"Z(JBBU, Zoo(VeermataJijabaiBhosaleBotanicalUdyan), Zoo (Vaarmata Jyjabay Bhosala Botanycal odyan)"
Mumbai,Gorai Beach,Nature,"GoraiBeach, GB, Goray Baach"
Mumbai,Aksa Beach,Nature,"AB, aksa Baach, AksaBeach"
Mumbai,Versova Beach,Nature,"VersovaBeach, Varsova Baach, VB"
Mumbai,Juhu Beach,Nature,"JB, JuhuBeach, Joho Baach"
Mumbai,Girgaon Chowpatty,Nature,"GirgaonChowpatty, GC, Gyrgaon Chowpatty"
Mumbai,Powai Lake,Nature,"Poway Laka, PL, PowaiLake"
Mumbai,Chhota Kashmir Park.,Nature,"ChhotaKashmirPark., CKP, Chhota Kashmyr Park."
Mumbai,Vihar Lake,Nature,"VL, ViharLake, Vyhar Laka"
Mumbai,Tulsi Lake,Nature,"TL, TulsiLake, Tolsy Laka"
Mumbai,Sanjay Gandhi National Park,Nature,"SGNP, SanjayGandhiNationalPark, Sanjay Gandhy Natyonal Park"
Mumbai,Bandstand Promenade,Nature,"BandstandPromenade, BP, Bandstand Promanada"
Mumbai,Oval Maidan,Nature,"OM, OvalMaidan, oval Maydan"
Mumbai,Hanging Gardens,Nature,"HG, HangingGardens, Hangyng Gardans"
Mumbai,Alibaug Beach,Nature,"AlibaugBeach, AB, alybaog Baach"
Mumbai,Karnala Bird Sanctuary,Nature,"KarnalaBirdSanctuary, Karnala Byrd Sanctoary, KBS"
Mumbai,Matheran Hill Station,Nature,"MatheranHillStation, Matharan Hyll Statyon, MHS"
Mumbai,Lonavala and Khandala,Nature,"LaK, LonavalaandKhandala"
Mumbai,Film city Dadasaheb Phalke,Art and museum,"FilmcityDadasahebPhalke, Fylm cyty Dadasahab Phalka, FcDP"
Mumbai,RBI Monetary Museum,Art and museum,"RMM, RBIMonetaryMuseum, RBy Monatary Mosaom"
Mumbai,"The Asiatic Society, Mumbai",Art and museum,"TheAsiaticSociety,Mumbai, TASM, Tha asyatyc Socyaty, Mombay"
Mumbai,Jehangir Art Gallery,Art and museum,"JehangirArtGallery, JAG, Jahangyr art Gallary"
Mumbai,Chhatrapati Shivaji Maharaj Vastu Sangrahalaya,Art and museum,"ChhatrapatiShivajiMaharajVastuSangrahalaya, Chhatrapaty Shyvajy Maharaj Vasto Sangrahalaya, CSMVS"
Mumbai,"Nehru planetarium, Mumbai",Art and museum,"Nahro planataryom, Mombay, NpM, Nehru planetarium, Nehruplanetarium,Mumbai"
Mumbai,Nehru Science Centre,Art and museum,"NehruScienceCentre, NSC, Nahro Scyanca Cantra"
Mumbai,Mani Bhavan Gandhi Sangrahalaya,Art and museum,"ManiBhavanGandhiSangrahalaya, MBGS, Many Bhavan Gandhy Sangrahalaya"
Mumbai,Essel World,Amusement park,"EW, EsselWorld, assal World"
Mumbai,Imagica,Amusement park,ymagyca
Mussoorie,Picture palace bus station,Transport,"Ppbs, Picturepalacebusstation, Pyctora palaca bos statyon"
Mussoorie,Library Bus stand,Transport,"LibraryBusstand, LBs, Library Bus stand , Lybrary Bos stand"
Mussoorie,Dehradun Railway Station,Transport,"Dahradon Raylway Statyon, DehradunRailwayStation, DRS"
Mussoorie,Kempty Fall Taxi Stand,Transport,"KemptyFallTaxiStand, Kampty Fall Taxy Stand, KFTS"
Mussoorie,Kempty Falls,Top attractions,"KF, Kampty Falls, KemptyFalls"
Mussoorie,Lal Tibba Scenic Point,Top attractions,"LalTibbaScenicPoint, LTSP, Lal Tybba Scanyc Poynt"
Mussoorie,Gun Hill,Top attractions,"GH, GunHill, Gon Hyll"
Mussoorie,Mall road,Top attractions,"Mallroad, Mr"
Mussoorie,Company Garden,Top attractions,"Company Gardan, CompanyGarden, CG"
Mussoorie,Mussorie Lake,Top attractions,"MussorieLake, ML, Mossorya Laka"
Mussoorie,Jharipani Waterfall,Top attractions,"Jharypany Watarfall, JW, JharipaniWaterfall"
Mussoorie,Cloud's End,Top attractions,"CE, Clood's and, Cloud'sEnd, Cloud’s End"
Mussoorie,George Everest House,Top attractions,"Gaorga avarast Hoosa, GeorgeEverestHouse, GEH"
Mussoorie,Happy Valley Tibetan Buddhist Temple,Top attractions,"Happy Vallay Tybatan Boddhyst Tampla, HappyValleyTibetanBuddhistTemple, HVTBT"
Mussoorie,Bhatta falls,Top attractions,"Bf, Bhattafalls"
Nainital,"Nainital Bus Stand, Tallital",Transport,"NBST, NainitalBusStand,Tallital, Naynytal Bos Stand, Tallytal"
Nainital,Kathgodam Railway Station,Transport,"KathgodamRailwayStation, Kathgodam Raylway Statyon, KRS"
Nainital,Nainital Lake,Top attractions,"Naynytal Laka, NainitalLake, NL"
Nainital,Snow View point,Top attractions,"Snow Vyaw poynt, SnowViewpoint, SVp"
Nainital,G B Pant High Altitude Zoo,Top attractions,"GBPHAZ, GBPantHighAltitudeZoo, G B Pant Hygh altytoda Zoo"
Nainital,Eco Cave Park,Top attractions,"ECP, aco Cava Park, EcoCavePark"
Nainital,Tiffin Top,Top attractions,"TiffinTop, Tyffyn Top, TT"
Nainital,Naina Peak East,Top attractions,"NainaPeakEast, Nayna Paak aast, NPE"
Nainital,Himalayan Botanical Garden,Top attractions,"HimalayanBotanicalGarden, HBG, Hymalayan Botanycal Gardan"
Nainital,Himalaya Darshan viewpoint,Top attractions,"HimalayaDarshanviewpoint, Hymalaya Darshan vyawpoynt, HDv"
Nainital,Mall Road,Top attractions,"MallRoad, MR"
Nainital,Raj Bhawan Governor House,Top attractions,"RBGH, RajBhawanGovernorHouse, Raj Bhawan Govarnor Hoosa"
Nainital,Jim Corbett Gurney House,Top attractions,"JCGH, Jym Corbatt Gornay Hoosa, JimCorbettGurneyHouse"
Nainital,Woodland water fall nainital,Top attractions,"Woodland watar fall naynytal, Wwfn, Woodlandwaterfallnainital"
Nainital,"Sankat Mochan Mandir, Hanuman Garhi",Spiritual sites,"Sankat Mochan Mandyr, Hanoman Garhy, Sankat Mochan Mandir,Hanuman Garhi, SMMHG, SankatMochanMandir,HanumanGarhi"
Nainital,"Shree Maa Naina Devi Temple, Nainital",Spiritual sites,"SMNDTN, Shraa Maa Nayna Davy Tampla, Naynytal, ShreeMaaNainaDeviTemple,Nainital"
Nainital,Kainchi Dham - Shri Neeb Karori Baba Ashram,Spiritual sites,"KainchiDham-ShriNeebKaroriBabaAshram, KD-SNKBA, Kaynchy Dham - Shry Naab Karory Baba ashram"
Nainital,St John in the Wilderness Church,Spiritual sites,"St John yn tha Wyldarnass Chorch, SJitWC, StJohnintheWildernessChurch"
Nainital,"Golu Devta Temple (Bell Temple), Ghorakhal",Spiritual sites,"Golo Davta Tampla (Ball Tampla), Ghorakhal, GoluDevtaTemple(BellTemple),Ghorakhal, GDT(TG"
Nainital,Sattal Lake,Other Lakes,"Sattal Laka, SattalLake, SL"
Nainital,Bhim Taal Lake,Other Lakes,"BTL, BhimTaalLake, Bhym Taal Laka"
Nainital,Naukuchia Taal,Other Lakes,"Naokochya Taal, NT, NaukuchiaTaal"
Nainital,Sariyatal,Other Lakes,Saryyatal
Nainital,Khurpatal Lake,Other Lakes,"KL, KhurpatalLake, Khorpatal Laka"
Pune,Pune International Airport,Transport,"PIA, Pona yntarnatyonal ayrport, PuneInternationalAirport"
Pune,Pune Junction,Transport,"PuneJunction, PJ, Pona Jonctyon"
Pune,Swargate Bus Stand,Transport,"SBS, SwargateBusStand, Swargata Bos Stand"
Pune,MSRTC ST Pune Station Bus Stand,Transport,"MSRTC ST Pona Statyon Bos Stand, MSPSBS, MSRTCSTPuneStationBusStand"
Pune,Hadapsar Railway Station,Transport,"Hadapsar Raylway Statyon, HadapsarRailwayStation, HRS"
Pune,Khadki Railway Station,Transport,"Khadky Raylway Statyon, KRS, KhadkiRailwayStation"
Pune,Vallabhnagar State Transport Bus Stand,Transport,"VallabhnagarStateTransportBusStand, VSTBS, Vallabhnagar Stata Transport Bos Stand"
Pune,Chinchwad Railway Station Queens Town Side,Transport,"CRSQTS, ChinchwadRailwayStationQueensTownSide, Chynchwad Raylway Statyon Qoaans Town Syda"
Pune,Chatrapati Shivaji Maharaj Nagar,Transport,"ChatrapatiShivajiMaharajNagar, Chatrapaty Shyvajy Maharaj Nagar, CSMN"
Pune,Sinhagad Fort,Fort and Iconic structures,"SinhagadFort, SF, Synhagad Fort"
Pune,Rajgad Fort,Fort and Iconic structures,"RajgadFort, RF"
Pune,Torna Fort,Fort and Iconic structures,"TornaFort, TF"
Pune,Purandar Fort,Fort and Iconic structures,"PF, PurandarFort, Porandar Fort"
Pune,Tikona Fort,Fort and Iconic structures,"Tykona Fort, TikonaFort, TF"
Pune,Lohgad Fort,Fort and Iconic structures,"LohgadFort, LF"
Pune,Shaniwar Wada,Fort and Iconic structures,"SW, ShaniwarWada, Shanywar Wada"
Pune,Laal Mahal,Fort and Iconic structures,"LaalMahal, LM"
Pune,Aga Khan Palace,Fort and Iconic structures,"AKP, aga Khan Palaca, AgaKhanPalace"
Pune,Karla Caves,Fort and Iconic structures,"KC, KarlaCaves, Karla Cavas"
Pune,Raja Dinkar Kelkar Museum,Art and museum,"Raja Dynkar Kalkar Mosaom, RajaDinkarKelkarMuseum, RDKM"
Pune,Blades of Glory Cricket Museum,Art and museum,"Bladas of Glory Cryckat Mosaom, BoGCM, BladesofGloryCricketMuseum"
Pune,Pimpri Chinchwad Science Park,Art and museum,"PCSP, Pympry Chynchwad Scyanca Park, PimpriChinchwadSciencePark"
Pune,Mahatma Phule Museum,Art and museum,"MahatmaPhuleMuseum, Mahatma Phola Mosaom, MPM"
Pune,Dr Babasaheb Ambedkar Museum & Memorial,Art and museum,"DrBabasahebAmbedkarMuseum&Memorial, DBAM&M, Dr Babasahab ambadkar Mosaom & Mamoryal"
Pune,Late Sanjay Mahadeo Nimhan Gram Sanskruti Udyan,Art and museum,"LateSanjayMahadeoNimhanGramSanskrutiUdyan, Lata Sanjay Mahadao Nymhan Gram Sanskroty odyan, LSMNGSU"
Pune,Shreemant Dagdusheth Halwai Ganpati Mandir,Spiritual sites,"SDHGM, ShreemantDagdushethHalwaiGanpatiMandir, Shraamant Dagdoshath Halway Ganpaty Mandyr"
Pune,Parvati Hill & Hill top Temples,Spiritual sites,"ParvatiHill&HilltopTemples, Parvaty Hyll & Hyll top Tamplas, PH&HtT"
Pune,Shri Chatushrungi Devi Temple,Spiritual sites,"SCDT, Shry Chatoshrongy Davy Tampla, ShriChatushrungiDeviTemple"
Pune,Shri Siddhivinayak Ganesh Mandir Sarasbaug,Spiritual sites,"SSGMS, Shry Syddhyvynayak Ganash Mandyr Sarasbaog, ShriSiddhivinayakGaneshMandirSarasbaug"
Pune,Mahadji Shinde Chhatri,Spiritual sites,"MSC, MahadjiShindeChhatri, Mahadjy Shynda Chhatry"
Pune,ISKCON NVCC Pune,Spiritual sites,"ySKCoN NVCC Pona, INP, ISKCONNVCCPune"
Pune,"Shri Khandoba Mandir, Jejuri",Spiritual sites,"Shry Khandoba Mandyr, Jajory, ShriKhandobaMandir,Jejuri, SKMJ"
Pune,Bhuleshwar Temple,Spiritual sites,"BhuleshwarTemple, BT, Bholashwar Tampla"
Pune,BAPS Shri Swaminarayan Mandir Pune,Spiritual sites,"BSSMP, BAPSShriSwaminarayanMandirPune, BaPS Shry Swamynarayan Mandyr Pona"
Pune,"Katraj Jain Temple, Aagam Mandir",Spiritual sites,"KatrajJainTemple,AagamMandir, KJTAM, Katraj Jayn Tampla, aagam Mandyr"
Pune,St. Patrick's Cathedral,Spiritual sites,"St. Patrick’s Cathedral, St.Patrick'sCathedral, SPC, St. Patryck's Cathadral"
Pune,Prati Balaji Mandir,Spiritual sites,"PBM, PratiBalajiMandir, Praty Balajy Mandyr"
Pune,Bhimashankar Jyotirlinga,Spiritual sites,"Bhymashankar Jyotyrlynga, BhimashankarJyotirlinga, BJ"
Pune,Shree Sant Dnyaneshwar Maharaj Samadhi Mandir,Spiritual sites,"Shraa Sant Dnyanashwar Maharaj Samadhy Mandyr, Shree Sant Dnyaneshwar Maharaj Samadhi Mandir, Alandi, ShreeSantDnyaneshwarMaharajSamadhiMandir, SSDMSM"
Pune,"Shri Prati Shirdi Sai Baba Temple, Shirgaon Ramdara temple",Spiritual sites,"ShriPratiShirdiSaiBabaTemple,ShirgaonRamdaratemple, Shri Prati Shirdi Sai Baba Temple, Shirgaon, SPSSBTSRt, Shry Praty Shyrdy Say Baba Tampla, Shyrgaon Ramdara tampla"
Pune,Shree Chintamani Vinayaka Temple Theur,Spiritual sites,"SCVTT, Shraa Chyntamany Vynayaka Tampla Thaor, ShreeChintamaniVinayakaTempleTheur"
Pune,Pashan Lake,Nature,"PashanLake, PL, Pashan Laka"
Pune,Osho Garden,Nature,"OG, OshoGarden, osho Gardan"
Pune,Pune-Okayama Friendship Garden,Nature,"Pune-OkayamaFriendshipGarden, PFG, Pona-okayama Fryandshyp Gardan"
Pune,Rajiv Gandhi Zoological Park,Nature,"RGZP, RajivGandhiZoologicalPark, Rajyv Gandhy Zoologycal Park"
Pune,Empress Botanical Garden,Nature,"EmpressBotanicalGarden, EBG, amprass Botanycal Gardan"
Pune,Khadakwasla Dam,Nature,"KD, KhadakwaslaDam"
Pune,Taljai Hills,Nature,"TH, Taljay Hylls, TaljaiHills"
Pune,Vetal Hill,Nature,"Vatal Hyll, VetalHill, VH"
Pune,Mula Mutha River,Nature,"MMR, Mola Motha Ryvar, MulaMuthaRiver"
Pune,Lavasa,Nature,
Pune,Chhatrapati Sambhaji Maharaj garden,Nature,"CSMg, Chhatrapaty Sambhajy Maharaj gardan, ChhatrapatiSambhajiMaharajgarden"
Rishikesh,Rishikesh bus station,Transport,"Rishikeshbusstation, Ryshykash bos statyon, Rbs"
Rishikesh,Jolly Grant Airport - Dehradun,Transport,"JGA-D, Jolly Grant ayrport - Dahradon, JollyGrantAirport-Dehradun"
Rishikesh,Railway station rishikesh,Transport,"Raylway statyon ryshykash, Rsr, Railwaystationrishikesh"
Rishikesh,Ram jhula,Iconic Bridges,"Ram jhola, Ramjhula, Rj"
Rishikesh,Lakshman Jhula,Iconic Bridges,"Lakshman Jhola, LakshmanJhula, LJ"
Rishikesh,Janki Jhula,Iconic Bridges,"Janky Jhola, JJ, JankiJhula"
Rishikesh,Ganga Beach,Nature,"GangaBeach, GB, Ganga Baach"
Rishikesh,Goa Beach Rishikesh,Nature,"GoaBeachRishikesh, GBR, Goa Baach Ryshykash"
Rishikesh,Neer Waterfall,Nature,"NW, Naar Watarfall, NeerWaterfall"
Rishikesh,The Secret Waterfall,Nature,"TheSecretWaterfall, TSW, Tha Sacrat Watarfall"
Rishikesh,Patna Garud Chatti Waterfall,Nature,"PGCW, PatnaGarudChattiWaterfall, Patna Garod Chatty Watarfall"
Rishikesh,Shivpuri (River Rafting),Nature,"S(R, Shivpuri(RiverRafting), Shyvpory (Ryvar Raftyng)"
Rishikesh,Rajaji National Park,Nature,"RNP, Rajajy Natyonal Park, RajajiNationalPark"
Rishikesh,Marine Drive (Aastha Path),Nature,"MarineDrive(AasthaPath), Maryna Dryva (aastha Path), MD(P, Marine Drive( Aastha Path )"
Rishikesh,The Beatles Ashram,Spiritual sites,"TheBeatlesAshram, TBA, Tha Baatlas ashram"
Rishikesh,(Tera Manzil Temple) Trayambakeshwar Temple,Spiritual sites,"(Tara Manzyl Tampla) Trayambakashwar Tampla, (MTTT, (TeraManzilTemple)TrayambakeshwarTemple"
Rishikesh,Parmarth Niketan Ashram,Spiritual sites,"ParmarthNiketanAshram, Parmarth Nykatan ashram, PNA"
Rishikesh,Shatrughana Temple Ghat aarti,Spiritual sites,"ShatrughanaTempleGhataarti, STGa, Shatroghana Tampla Ghat aarty"
Rishikesh,Triveni Ghat Rishikesh,Spiritual sites,"Tryvany Ghat Ryshykash, TriveniGhatRishikesh, TGR"
Rishikesh,Gurdwara Sri Hemkunt Sahib,Spiritual sites,"GSHS, GurdwaraSriHemkuntSahib, Gordwara Sry Hamkont Sahyb"
Rishikesh,Kunjapuri Mata Ancient Temple & Sunrise Trek,Spiritual sites,"KMAT&ST, Konjapory Mata ancyant Tampla & Sonrysa Trak, KunjapuriMataAncientTemple&SunriseTrek"
Rishikesh,Vashishtha Gufa Temple,Spiritual sites,"Vashyshtha Gofa Tampla, VGT, VashishthaGufaTemple"
Rishikesh,Shree Neelkanth Mahadev Temple,Spiritual sites,"ShreeNeelkanthMahadevTemple, Shraa Naalkanth Mahadav Tampla, SNMT"
Shimla,Shimla Airport (Jubbarhatti Airport),Transport,"SA(A, ShimlaAirport(JubbarhattiAirport), Shymla ayrport (Jobbarhatty ayrport)"
Shimla,ISBT Shimla ( New Bus stand),Transport,"ISBTShimla(NewBusstand), ySBT Shymla ( Naw Bos stand), IS(NBs"
Shimla,Shimla Railway station,Transport,"ShimlaRailwaystation, SRs, Shymla Raylway statyon"
Shimla,Old bus stand shimla,Transport,"Oldbusstandshimla, Obss, old bos stand shymla"
Shimla,Ridge Mall road,Market,"RidgeMallroad, Rydga Mall road, RMr"
Shimla,Lakkar bazar,Market,"Lakkarbazar, Lb"
Shimla,Tibetan Refugee Market,Market,"TibetanRefugeeMarket, Tybatan Rafogaa Markat, TRM"
Shimla,Christ Church,Spiritual sites,"Chryst Chorch, CC, ChristChurch"
Shimla,"Shri Hanuman Temple, Jakhoo",Spiritual sites,"ShriHanumanTemple,Jakhoo, Shry Hanoman Tampla, Jakhoo, SHTJ"
Shimla,Dorje Drak Monastery,Spiritual sites,"DDM, Dorja Drak Monastary, DorjeDrakMonastery"
Shimla,St. Michael's Catholic Cathedral,Spiritual sites,"SMCC, St. Mychaal's Catholyc Cathadral, St.Michael'sCatholicCathedral"
Shimla,Kali Bari Temple,Spiritual sites,"KaliBariTemple, KBT, Kaly Bary Tampla"
Shimla,Tara Devi Temple,Spiritual sites,"Tara Davy Tampla, TDT, TaraDeviTemple"
Shimla,Baba Bhalku Rail Museum,Art and museum,"BBRM, Baba Bhalko Rayl Mosaom, BabaBhalkuRailMuseum"
Shimla,Gaiety Heritage Cultural Complex,Art and museum,"Gayaty Harytaga Coltoral Complax, GaietyHeritageCulturalComplex, GHCC"
Shimla,Bantony Castle,Art and museum,"BC, BantonyCastle, Bantony Castla"
Shimla,Army Heritage Museum & Annadale Ground,Art and museum,"AHM&AG, ArmyHeritageMuseum&AnnadaleGround, army Harytaga Mosaom & annadala Groond"
Shimla,Himachal State Museum,Art and museum,"Hymachal Stata Mosaom, HimachalStateMuseum, HSM"
Shimla,Viceregal Lodge,Art and museum,"ViceregalLodge, VL, Vycaragal Lodga"
Shimla,Chadwick Falls,Nature,"Chadwyck Falls, ChadwickFalls, CF"
Shimla,Himalayan Bird Park,Nature,"HBP, Hymalayan Byrd Park, HimalayanBirdPark"
Shimla,Kufri Horse Ride,Nature,"KufriHorseRide, KHR, Kofry Horsa Ryda"
Shimla,Himalayan Nature Park Kufri,Nature,"HimalayanNatureParkKufri, HNPK, Hymalayan Natora Park Kofry"
Shimla,"Apple garden Naldehra, RHRTS Mashobra",Nature,"AgNRM, ApplegardenNaldehra,RHRTSMashobra, appla gardan Naldahra, RHRTS Mashobra"
Shimla,Carignano Nature Park,Nature,"CNP, CarignanoNaturePark, Carygnano Natora Park"
Shimla,Cycling in Wildlife Sanctuary,Nature,"CiWS, CyclinginWildlifeSanctuary, Cyclyng yn Wyldlyfa Sanctoary"
Shimla,Water Rafting in Tattapani,Activity,"Watar Raftyng yn Tattapany, WaterRaftinginTattapani, WRiT"
Shimla,Ice Skating Ring,Activity,"IceSkatingRing, ISR, yca Skatyng Ryng"
Shimla,Naldehra Golf Course,Activity,"Naldahra Golf Coorsa, NGC, NaldehraGolfCourse"
Shimla,Nagsons Amusement Park,Activity,"NAP, NagsonsAmusementPark, Nagsons amosamant Park"
Shimla,Kufri Fun World,Activity,"KufriFunWorld, KFW, Kofry Fon World"
Shimla,Adventure Resorts,Activity,"AR, advantora Rasorts, AdventureResorts"
Srinagar,TRC Bus Stand Srinagar,Transport,"TRCBusStandSrinagar, TBSS, TRC Bos Stand Srynagar"
Srinagar,Srinagar railway station,Transport,"Srynagar raylway statyon, Srinagarrailwaystation, Srs"
Srinagar,(Srinagar Airport) Sheikh ul-Alam International Airport,Transport,"(ASuIA, (Srinagar Airport) Sheikh ul-Alam International Airport , (SrinagarAirport)Sheikhul-AlamInternationalAirport, (Srynagar ayrport) Shaykh ol-alam yntarnatyonal ayrport"
Srinagar,Parimpora Bus Stand,Transport,"PBS, ParimporaBusStand, Parympora Bos Stand"
Srinagar,Dal Lake,Water body,"DL, Dal Laka, DalLake"
Srinagar,Nigeen Lake,Water body,"Nygaan Laka, NL, NigeenLake"
Srinagar,Anchar Lake,Water body,"AL, AncharLake, anchar Laka"
Srinagar,Jhelum River,Water body,"Jhalom Ryvar, JhelumRiver, JR"
Srinagar,Shalimar Bagh Mughal Garden,Nature,"ShalimarBaghMughalGarden, SBMG, Shalymar Bagh Moghal Gardan"
Srinagar,Tulip Garden Indira Gandhi Memorial,Nature,"TulipGardenIndiraGandhiMemorial, TGIGM, Tulip Garden Indira Gandhi Memorial , Tolyp Gardan yndyra Gandhy Mamoryal"
Srinagar,Dachigam National Park,Nature,"DachigamNationalPark, DNP, Dachygam Natyonal Park"
Srinagar,Nishat Garden,Nature,"Nyshat Gardan, NishatGarden, NG"
Srinagar,Cheshma Shahi Garden,Nature,"CheshmaShahiGarden, CSG, Chashma Shahy Gardan"
Srinagar,Botanical Garden Jawaharlal Nehru Memorial,Nature,"BGJNM, BotanicalGardenJawaharlalNehruMemorial, Botanycal Gardan Jawaharlal Nahro Mamoryal"
Srinagar,Badam Wari Park,Nature,"BadamWariPark, BWP, Badam Wary Park"
Srinagar,Gulmarg Gondola,Nature,"GG, Golmarg Gondola, GulmargGondola"
Srinagar,Char Chinar in Dal lake,Nature,"CharChinarinDallake, Char Chynar yn Dal laka, CCiDl"
Srinagar,Hokersar Wetland,Nature,"HokersarWetland, HW, Hokarsar Watland"
Srinagar,Harwan Garden,Nature,"Harwan Gardan, HG, HarwanGarden"
Srinagar,Doodhpathri (Meadow valley),Nature,"Doodhpathri(Meadowvalley), Doodhpathry (Maadow vallay), D(v"
Srinagar,Pari Mahal,Fort & Palace,"Pary Mahal, PM, PariMahal"
Srinagar,Hari Parbat Fort,Fort & Palace,"Hary Parbat Fort, HPF, HariParbatFort"
Srinagar,Sri Shankaracharya Temple,Spiritual sites,"Sry Shankaracharya Tampla, SriShankaracharyaTemple, SST"
Srinagar,Gurudwara Chati Patshahi,Spiritual sites,"GCP, GurudwaraChatiPatshahi, Gorodwara Chaty Patshahy"
Srinagar,Sri Kheer Bhawani Durga Temple,Spiritual sites,"SriKheerBhawaniDurgaTemple, SKBDT, Sry Khaar Bhawany Dorga Tampla"
Srinagar,Dargah Hazratbal Shrine,Spiritual sites,"DargahHazratbalShrine, Dargah Hazratbal Shryna, DHS"
Srinagar,Jamia Masjid Srinagar,Spiritual sites,"JamiaMasjidSrinagar, JMS, Jamya Masjyd Srynagar"
Srinagar,Pather Masjid,Spiritual sites,"PM, PatherMasjid, Pathar Masjyd"
Srinagar,Lal Chowk,Market,"LalChowk, LC"
Srinagar,Polo view market,Market,"Polo vyaw markat, Poloviewmarket, Pvm"
Srinagar,Kashmir Government Arts Emporium,Market,"KashmirGovernmentArtsEmporium, KGAE, Kashmyr Govarnmant arts amporyom"
Udaipur,"Maharana Pratap Airport, Udaipur",Transport,"MaharanaPratapAirport,Udaipur, MPAU, Maharana Pratap ayrport, odaypor"
Udaipur,Udaipur City Railway Station,Transport,"odaypor Cyty Raylway Statyon, UdaipurCityRailwayStation, UCRS"
Udaipur,Ranapratapnagar railway station,Transport,"Rrs, Ranapratapnagarrailwaystation, Ranapratapnagar raylway statyon"
Udaipur,Udaipole Bus Stand,Transport,"UdaipoleBusStand, UBS, odaypola Bos Stand"
Udaipur,Chetak Bus Stand,Transport,"CBS, ChetakBusStand, Chatak Bos Stand"
Udaipur,City Palace,Fort and Iconic structures,"CityPalace, Cyty Palaca, CP"
Udaipur,Jagmandir Island Palace,Fort and Iconic structures,"JagmandirIslandPalace, Jagmandyr ysland Palaca, JIP"
Udaipur,"Taj Lake Palace, Udaipur",Fort and Iconic structures,"Taj Laka Palaca, odaypor, TajLakePalace,Udaipur, TLPU"
Udaipur,Bagore Ki Haveli,Fort and Iconic structures,"BagoreKiHaveli, Bagora Ky Havaly, BKH"
Udaipur,Sajjangarh Monsoon Palace,Fort and Iconic structures,"Sajjangarh Monsoon Palaca, SMP, SajjangarhMonsoonPalace"
Udaipur,Ahar Royal Cenotaphs,Fort and Iconic structures,"ahar Royal Canotaphs, AharRoyalCenotaphs, ARC"
Udaipur,Jagdish Temple,Spiritual sites,"JagdishTemple, JT, Jagdysh Tampla"
Udaipur,Eklingji Temple,Spiritual sites,"ET, EklingjiTemple, aklyngjy Tampla"
Udaipur,"Karni Mata Temple, Udaipur",Spiritual sites,"Karny Mata Tampla, odaypor, KarniMataTemple,Udaipur, KMTU"
Udaipur,Neemach Mata Mandir,Spiritual sites,"NMM, Naamach Mata Mandyr, NeemachMataMandir"
Udaipur,Bohra Ganeshji Temple,Spiritual sites,"BGT, BohraGaneshjiTemple, Bohra Ganashjy Tampla"
Udaipur,Shilpgram,Art and museum,Shylpgram
Udaipur,Vintage Car Museum,Art and museum,"VCM, Vyntaga Car Mosaom, VintageCarMuseum"
Udaipur,Ahar Museum,Art and museum,"AharMuseum, AM, ahar Mosaom"
Udaipur,Haldighati Maharana Pratap Museum,Art and museum,"Haldyghaty Maharana Pratap Mosaom, HaldighatiMaharanaPratapMuseum, HMPM"
Udaipur,Pratap Gaurav Kendra Udaipur,Art and museum,"PGKU, Pratap Gaorav Kandra odaypor, PratapGauravKendraUdaipur"
Udaipur,Saheliyon ki bari,Nature,"Saheliyonkibari, Skb, Sahalyyon ky bary"
Udaipur,Lake Pichola,Nature,"LakePichola, LP, Laka Pychola"
Udaipur,Fateh Sagar Lake,Nature,"FatehSagarLake, Fatah Sagar Laka, FSL"
Udaipur,Badi Lake,Nature,"BadiLake, Badi Lake , Bady Laka, BL"
Udaipur,Gulab Bagh,Nature,"Golab Bagh, GB, GulabBagh"
Udaipur,Rajiv Gandhi Garden,Nature,"RGG, RajivGandhiGarden, Rajyv Gandhy Gardan"
Udaipur,Sajjan Garh Biological Park,Nature,"SajjanGarhBiologicalPark, Sajjan Garh Byologycal Park, SGBP"
Varanasi,Varanasi Airport (Lal Bahadur Shastri International),Transport,"VaranasiAirport(LalBahadurShastriInternational), VA(BSI, Varanasy ayrport (Lal Bahador Shastry yntarnatyonal)"
Varanasi,Varanasi Cantt Bus Stand,Transport,"VaranasiCanttBusStand, VCBS, Varanasy Cantt Bos Stand"
Varanasi,Varanasi Junction railway station (BSB),Transport,"Varanasy Jonctyon raylway statyon (BSB), VJrs(, VaranasiJunctionrailwaystation(BSB)"
Varanasi,Varanasi City Railway Station (BCY),Transport,"VCRS(, VaranasiCityRailwayStation(BCY), Varanasy Cyty Raylway Statyon (BCY)"
Varanasi,Deen Dayal Railway Station,Transport,"Daan Dayal Raylway Statyon, DeenDayalRailwayStation, DDRS"
Varanasi,Manduadih Banaras Railway Station (BSBS),Transport,"Mandoadyh Banaras Raylway Statyon (BSBS), ManduadihBanarasRailwayStation(BSBS), MBRS("
Varanasi,Lakhaniya Hills & Waterfall,Nature,"LH&W, LakhaniyaHills&Waterfall, Lakhanyya Hylls & Watarfall"
Varanasi,Rajdari and Devdari Waterfalls,Nature,"RajdariandDevdariWaterfalls, RaDW, Rajdary and Davdary Watarfalls"
Varanasi,Shri Kashi Vishwanath Temple,Spiritual sites,"SKVT, Shry Kashy Vyshwanath Tampla, ShriKashiVishwanathTemple"
Varanasi,Dashashwamedh Ghat,Spiritual sites,"Dashashwamadh Ghat, DG, DashashwamedhGhat"
Varanasi,Manikarnika Mahashamshan Ghat,Spiritual sites,"MMG, Manykarnyka Mahashamshan Ghat, ManikarnikaMahashamshanGhat"
Varanasi,Assi Ghat,Spiritual sites,"AG, assy Ghat, AssiGhat"
Varanasi,Shri Satyanarayan Tulsi Manas Mandir,Spiritual sites,"Shry Satyanarayan Tolsy Manas Mandyr, ShriSatyanarayanTulsiManasMandir, SSTMM"
Varanasi,ISKCON Temple Varanasi,Spiritual sites,"ISKCONTempleVaranasi, ySKCoN Tampla Varanasy, ITV"
Varanasi,Kaal Bhairav Temple,Spiritual sites,"KaalBhairavTemple, Kaal Bhayrav Tampla, KBT"
Varanasi,Swarved Mahamandir Dham,Spiritual sites,"SMD, SwarvedMahamandirDham, Swarvad Mahamandyr Dham"
Varanasi,Namo Ghat,Spiritual sites,"NamoGhat, NG"
Varanasi,Alamgir Masjid,Spiritual sites,"alamgyr Masjyd, AlamgirMasjid, AM"
Varanasi,Pujari Maa Vindhyavasini Temple,Spiritual sites,"Pojary Maa Vyndhyavasyny Tampla, PMVT, PujariMaaVindhyavasiniTemple"
Varanasi,"Shri Kashi Vishwanath Temple, BHU Campus",Spiritual sites,"SKVTBC, Shry Kashy Vyshwanath Tampla, BHo Campos, ShriKashiVishwanathTemple,BHUCampus"
Varanasi,Sankat Mochan Hanuman Mandir,Spiritual sites,"SankatMochanHanumanMandir, SMHM, Sankat Mochan Hanoman Mandyr"
Varanasi,Sant Kabir Math Lahartara,Spiritual sites,"Sant Kabyr Math Lahartara, SKML, SantKabirMathLahartara"
Varanasi,Ramnagar Fort,Fort and Iconic structures,"RamnagarFort, RF"
Varanasi,Archaeological Buddhist Remains of Sarnath,Fort and Iconic structures,"archaaologycal Boddhyst Ramayns of Sarnath, ABRoS, ArchaeologicalBuddhistRemainsofSarnath"
Varanasi,Chunar Fort,Fort and Iconic structures,"ChunarFort, Chonar Fort, CF"
Varanasi,Chet Singh Ghat,Fort and Iconic structures,"ChetSinghGhat, Chat Syngh Ghat, CSG"
Varanasi,Jantar Mantar & Man Singh Observatory,Museums and Iconic institutions,"JM&MSO, JantarMantar&ManSinghObservatory, Jantar Mantar & Man Syngh obsarvatory"
Varanasi,Bharat Kala Bhavan Museum,Museums and Iconic institutions,"Bharat Kala Bhavan Mosaom, BKBM, BharatKalaBhavanMuseum"
Varanasi,RUDRAKSH - International Convention Centre,Museums and Iconic institutions,"RoDRaKSH - yntarnatyonal Convantyon Cantra, RUDRAKSH-InternationalConventionCentre, R-ICC"
